snap_date,sku,on_hand_kg,in_transit_kg
2024-01-31,APPL001,80,20
2024-02-06,PEAR592,95,74
2024-06-15,MANG534,980,85
2024-06-26,PEAR592,137,9
2024-05-16,ORAN625,343,165
2024-03-10,BERR877,80,160
2024-02-22,GRAP317,40,44
2024-09-25,APPL670,498,15
2024-07-03,MELO579,594,51
2024-05-23,ORAN409,372,288
2024-12-24,PEAR162,105,76
2024-12-22,GRAP929,300,137
2024-01-10,PEAR657,797,185
2024-06-17,BANA503,570,172
2024-09-17,APPL179,231,234
2024-04-07,ORAN377,799,13
2024-02-06,APPL118,64,194
2024-10-14,BANA832,237,252
2024-02-16,MELO414,933,251
2024-04-27,PEAC002,746,202
2024-03-29,ORAN889,537,295
2024-07-08,ORAN830,875,171
2024-11-26,BANA195,892,155
2024-01-20,PEAC801,799,43
2024-06-12,GRAP494,43,85
2024-05-11,ORAN071,817,196
2024-08-31,BERR153,598,137
2024-07-16,PEAC150,894,273
2024-01-25,BERR846,184,141
2024-12-21,MANG958,130,204
2024-01-07,PEAC248,772,227
2024-10-23,MANG085,62,292
2024-04-16,APPL603,174,274
2024-10-03,BANA378,925,84
2024-04-07,APPL025,845,242
2024-10-12,BERR831,632,236
2024-09-30,MANG383,601,176
2024-12-09,GRAP966,481,33
2024-08-10,ORAN943,866,252
2024-08-16,MANG916,828,239
2024-07-25,ORAN974,632,71
2024-07-19,PEAR703,440,17
2024-07-18,ORAN278,36,151
2024-04-14,MANG059,609,158
2024-06-03,MANG383,953,173
2024-04-08,APPL254,150,136
2024-10-15,BERR594,431,32
2024-02-04,MANG413,189,227
2024-05-15,MANG728,733,18
2024-10-10,PEAC999,327,5
2024-08-27,APPL063,811,5
2024-06-26,MANG379,54,128
2024-03-08,GRAP932,772,132
2024-02-21,APPL279,956,135
2024-06-14,MELO815,684,194
2024-08-13,BERR147,336,117
2024-03-14,APPL670,604,264
2024-06-04,APPL680,793,27
2024-04-10,GRAP277,417,134
2024-01-17,ORAN337,229,235
2024-02-16,PEAR642,463,63
2024-10-10,BERR342,932,292
2024-04-17,MELO149,958,34
2024-06-23,BANA047,879,143
2024-10-27,PEAR780,33,34
2024-01-04,GRAP904,645,102
2024-04-13,MANG810,106,64
2024-02-11,PEAC629,61,293
2024-10-17,BANA485,11,275
2024-02-24,APPL427,913,237
2024-08-14,PEAR086,408,119
2024-08-14,MANG704,45,259
2024-08-27,PEAR336,862,155
2024-08-13,ORAN513,55,299
2024-07-05,GRAP637,487,245
2024-04-26,MANG975,628,108
2024-02-12,GRAP306,276,20
2024-06-24,BERR804,89,171
2024-09-08,BANA931,532,81
2024-03-24,PEAC652,947,117
2024-10-02,BANA047,407,92
2024-05-14,PEAC980,362,259
2024-04-06,BERR226,727,268
2024-09-29,GRAP084,203,294
2024-04-15,GRAP848,984,73
2024-03-07,BANA159,133,256
2024-04-17,PEAR400,540,219
2024-09-25,BANA988,305,125
2024-01-31,BERR968,496,69
2024-06-27,ORAN699,102,214
2024-02-22,ORAN556,616,38
2024-10-19,ORAN648,910,166
2024-12-27,MANG256,531,118
2024-12-10,APPL100,38,19
2024-12-17,BERR732,814,157
2024-07-29,BANA957,352,48
2024-01-12,PEAC024,815,62
2024-01-27,MANG266,352,267
2024-11-04,MANG685,379,129
2024-02-22,BANA075,820,115
2024-06-02,BANA272,581,269
2024-01-27,PEAC402,641,268
2024-03-09,ORAN105,314,26
2024-12-02,PEAR123,656,118
2024-11-25,PEAR578,137,29
2024-08-14,MANG069,347,61
2024-06-27,BERR706,326,28
2024-08-01,BERR079,281,287
2024-07-17,MELO265,446,51
2024-09-28,MANG906,571,190
2024-06-27,PEAR336,371,197
2024-10-07,MANG697,821,110
2024-12-21,BANA145,681,220
2024-08-21,ORAN498,478,252
2024-09-13,PEAR814,654,170
2024-11-07,MANG839,62,94
2024-03-06,BANA145,529,30
2024-10-07,BERR706,449,185
2024-10-28,MELO430,221,122
2024-06-05,BANA327,304,75
2024-09-07,MANG517,289,164
2024-03-29,PEAC912,103,133
2024-02-29,BANA035,136,131
2024-10-18,MANG759,575,75
2024-12-17,GRAP960,61,14
2024-04-03,APPL860,35,54
2024-01-22,MELO452,382,21
2024-01-05,BERR769,285,136
2024-12-24,APPL397,49,83
2024-10-18,GRAP761,390,141
2024-02-10,PEAC577,269,37
2024-08-27,MANG873,843,85
2024-05-03,GRAP863,492,133
2024-09-05,PEAC688,653,237
2024-02-29,MELO856,414,93
2024-06-15,GRAP583,728,199
2024-04-12,MELO829,366,190
2024-01-21,PEAC973,481,98
2024-09-22,BERR275,63,50
2024-01-31,ORAN777,821,134
2024-02-12,PEAR855,910,147
2024-09-26,MANG926,427,202
2024-02-25,APPL935,560,268
2024-01-04,ORAN023,922,248
2024-01-16,MANG792,405,278
2024-03-21,ORAN638,216,22
2024-02-13,GRAP640,725,240
2024-04-29,PEAR406,374,142
2024-05-29,MANG709,861,257
2024-01-18,PEAC479,183,190
2024-02-17,MANG766,197,258
2024-03-21,MANG369,123,255
2024-12-11,MANG501,96,257
2024-11-24,PEAC067,689,178
2024-05-14,BANA127,160,87
2024-06-01,PEAR244,513,21
2024-07-25,MANG546,125,191
2024-11-23,BERR147,177,176
2024-10-29,BERR536,363,215
2024-07-09,PEAC003,727,85
2024-08-26,BERR194,40,157
2024-12-29,BERR837,679,91
2024-03-28,PEAC803,144,5
2024-04-24,PEAC214,563,35
2024-02-11,GRAP719,470,243
2024-09-25,PEAR660,780,54
2024-10-22,PEAR669,85,288
2024-07-12,BANA438,591,94
2024-12-01,MELO149,199,297
2024-07-15,MANG567,807,107
2024-01-05,PEAC629,584,232
2024-08-20,BERR387,851,181
2024-12-05,PEAR784,790,196
2024-02-15,GRAP193,547,31
2024-06-09,BERR088,102,165
2024-11-21,ORAN368,857,130
2024-03-30,BERR068,694,186
2024-01-20,PEAC628,689,295
2024-08-06,PEAR725,812,121
2024-08-06,PEAC182,741,177
2024-05-10,ORAN777,562,293
2024-10-19,PEAC628,586,91
2024-09-17,MELO166,254,12
2024-04-22,MELO236,853,282
2024-04-11,BANA449,137,179
2024-07-21,MELO418,828,9
2024-10-23,ORAN114,800,272
2024-02-06,PEAR523,262,142
2024-01-13,ORAN154,479,150
2024-08-16,PEAC009,97,70
2024-02-05,MELO579,882,106
2024-02-10,BANA040,58,55
2024-01-21,MANG235,44,232
2024-11-23,PEAR074,454,130
2024-02-24,PEAC286,986,80
2024-03-10,BERR968,380,198
2024-01-17,BERR006,371,109
2024-10-12,PEAR499,798,268
2024-08-25,PEAC288,696,100
2024-02-23,BERR155,915,44
2024-06-08,PEAC308,935,267
2024-08-08,BERR477,583,250
2024-04-09,PEAC308,392,268
2024-11-01,MANG369,800,272
2024-09-19,PEAR123,239,234
2024-08-06,PEAR428,929,258
2024-11-04,MANG299,278,267
2024-05-22,ORAN666,236,2
2024-06-05,PEAR197,716,160
2024-06-22,BERR509,814,128
2024-04-07,ORAN806,586,114
2024-12-16,BERR942,179,214
2024-10-14,MELO320,44,46
2024-12-16,ORAN889,536,9
2024-04-23,MANG369,430,101
2024-02-07,ORAN389,183,298
2024-11-24,APPL129,869,258
2024-04-13,PEAC286,865,265
2024-08-02,GRAP785,686,248
2024-08-11,PEAR727,921,103
2024-02-11,ORAN806,51,287
2024-06-11,APPL603,333,7
2024-12-24,BERR488,904,200
2024-11-12,APPL291,622,125
2024-12-04,BANA485,717,80
2024-04-23,MANG617,856,186
2024-10-12,GRAP186,90,167
2024-10-10,APPL552,348,196
2024-08-01,PEAR604,470,185
2024-01-14,APPL092,71,229
2024-11-30,BERR831,280,101
2024-09-28,PEAC912,491,283
2024-09-05,PEAC518,660,151
2024-09-23,PEAC741,210,222
2024-02-07,BERR613,972,111
2024-08-22,MANG731,945,18
2024-04-24,BANA126,932,185
2024-06-16,BANA283,594,207
2024-06-14,APPL206,476,78
2024-02-16,GRAP995,204,277
2024-04-17,GRAP473,894,119
2024-05-07,MANG168,550,220
2024-02-11,APPL231,188,233
2024-02-17,PEAR244,641,172
2024-11-17,BANA284,837,269
2024-01-16,GRAP687,136,9
2024-04-03,APPL076,887,29
2024-04-30,GRAP365,467,208
2024-12-17,PEAR502,286,95
2024-06-05,BANA482,771,224
2024-09-09,PEAC885,630,98
2024-06-08,BANA573,533,289
2024-10-05,MANG658,655,82
2024-11-15,BANA216,183,142
2024-03-04,PEAR448,361,297
2024-08-29,PEAR448,777,300
2024-12-10,MELO589,566,53
2024-07-27,PEAC288,630,90
2024-07-20,APPL063,735,8
2024-05-14,ORAN521,341,90
2024-12-03,MELO318,593,232
2024-11-06,ORAN883,763,176
2024-06-19,ORAN569,545,212
2024-11-13,ORAN867,410,42
2024-04-01,ORAN723,159,127
2024-02-27,BANA747,570,268
2024-12-12,BANA319,254,33
2024-08-30,GRAP508,11,150
2024-03-24,MELO019,506,272
2024-02-24,ORAN154,410,152
2024-11-04,PEAC233,717,245
2024-07-08,GRAP580,411,158
2024-09-17,GRAP042,43,5
2024-07-04,PEAR123,190,138
2024-01-03,PEAC920,817,134
2024-01-17,MELO432,999,212
2024-01-02,MANG065,893,217
2024-09-27,PEAC281,202,125
2024-06-06,PEAC971,879,57
2024-02-07,ORAN377,412,270
2024-01-27,BERR356,236,146
2024-12-06,PEAR391,6,237
2024-10-26,ORAN326,746,65
2024-02-19,MANG731,26,192
2024-09-26,PEAR679,128,148
2024-01-02,BANA378,310,233
2024-04-04,PEAC924,125,140
2024-11-05,BANA713,536,73
2024-10-02,ORAN838,492,152
2024-01-13,BANA115,574,121
2024-08-08,GRAP605,647,209
2024-10-20,MELO056,394,178
2024-02-02,PEAC361,569,108
2024-10-08,GRAP960,540,180
2024-03-20,MELO414,488,108
2024-01-12,ORAN851,479,133
2024-08-30,PEAC999,867,125
2024-06-03,BANA789,289,88
2024-01-28,BANA164,173,291
2024-03-23,APPL898,822,172
2024-11-01,BERR890,711,117
2024-06-08,PEAC924,47,230
2024-10-23,MELO146,645,175
2024-10-20,MANG049,736,276
2024-09-18,BERR740,152,216
2024-10-11,BANA998,206,232
2024-12-18,BERR900,625,210
2024-04-07,GRAP901,376,160
2024-11-08,MANG299,602,201
2024-10-07,APPL894,613,120
2024-08-04,MANG325,58,71
2024-03-30,APPL786,96,207
2024-08-31,PEAR243,828,6
2024-12-26,ORAN625,424,37
2024-11-08,BERR497,313,92
2024-12-19,ORAN666,80,238
2024-06-25,GRAP422,676,182
2024-11-20,PEAC351,105,14
2024-09-26,PEAC542,518,229
2024-08-16,BERR837,45,46
2024-01-06,APPL139,985,35
2024-07-12,PEAC273,808,144
2024-03-15,PEAC288,511,251
2024-08-14,PEAR385,827,183
2024-10-18,BERR350,362,263
2024-03-21,BANA403,77,259
2024-08-28,PEAR780,785,162
2024-09-02,PEAC067,658,35
2024-05-01,ORAN643,71,182
2024-05-23,APPL898,175,288
2024-04-10,GRAP667,734,209
2024-02-09,ORAN666,976,194
2024-09-30,PEAC015,198,166
2024-03-25,APPL715,970,31
2024-02-17,PEAR708,405,265
2024-01-23,PEAC370,80,81
2024-02-12,MANG839,293,287
2024-08-12,APPL996,13,269
2024-11-05,BANA918,109,85
2024-11-27,ORAN953,0,108
2024-06-02,MANG099,685,167
2024-03-27,ORAN910,358,123
2024-01-22,BERR584,765,205
2024-12-03,BERR890,752,193
2024-02-20,ORAN117,384,296
2024-09-28,BANA845,531,55
2024-02-01,MELO541,619,271
2024-08-22,BANA707,786,41
2024-07-01,MELO236,446,138
2024-09-19,PEAC624,47,9
2024-03-10,ORAN389,634,110
2024-12-15,MANG454,922,76
2024-11-16,GRAP901,641,294
2024-06-14,PEAC295,311,23
2024-01-09,BANA080,235,300
2024-09-20,MANG103,439,31
2024-06-20,ORAN111,347,142
2024-06-19,PEAC479,695,11
2024-10-12,MELO262,748,170
2024-09-14,PEAR336,348,44
2024-11-12,MANG906,135,77
2024-12-18,BERR287,321,67
2024-08-03,MANG927,323,52
2024-08-23,GRAP863,385,78
2024-09-27,BERR380,519,100
2024-09-09,MANG401,857,106
2024-12-16,PEAR174,336,282
2024-09-09,ORAN591,317,45
2024-04-05,PEAR245,947,163
2024-04-24,MELO014,243,267
2024-02-26,BERR732,738,292
2024-09-20,MANG103,10,167
2024-08-28,PEAR593,19,300
2024-03-13,GRAP982,927,85
2024-09-11,APPL760,665,63
2024-10-26,PEAC343,546,37
2024-05-22,BANA832,236,263
2024-01-30,GRAP735,37,90
2024-02-02,BANA210,854,251
2024-03-22,PEAC163,644,51
2024-03-05,MANG576,609,55
2024-01-13,PEAC796,602,144
2024-11-09,GRAP306,223,102
2024-11-12,BANA127,129,162
2024-02-16,GRAP719,626,60
2024-07-28,BANA070,163,84
2024-09-20,MANG608,781,280
2024-02-07,ORAN711,252,76
2024-04-03,ORAN302,819,277
2024-06-27,ORAN648,622,101
2024-12-21,GRAP031,327,223
2024-05-22,GRAP304,508,235
2024-08-19,APPL397,69,42
2024-03-12,GRAP563,797,58
2024-04-30,MELO056,543,57
2024-02-16,MANG429,376,53
2024-06-29,ORAN489,623,195
2024-12-02,BANA485,213,271
2024-01-19,GRAP735,747,201
2024-08-19,BERR846,216,154
2024-09-09,PEAR669,827,256
2024-08-25,BANA378,35,199
2024-04-23,PEAC020,814,143
2024-09-18,MANG173,632,193
2024-08-04,GRAP365,988,146
2024-02-23,BANA303,284,113
2024-07-29,MELO376,910,180
2024-08-25,MANG481,253,255
2024-03-29,BANA435,299,38
2024-08-22,MANG339,155,275
2024-02-26,BANA284,870,78
2024-10-21,APPL807,284,83
2024-06-23,APPL254,461,230
2024-05-10,APPL107,301,171
2024-01-16,PEAC009,604,15
2024-08-30,ORAN346,54,205
2024-01-08,APPL048,54,37
2024-02-17,PEAR738,293,175
2024-01-26,BERR837,325,272
2024-01-28,BERR758,732,160
2024-05-02,MANG716,398,79
2024-07-03,APPL529,564,272
2024-01-28,MANG792,275,33
2024-06-30,MANG454,539,36
2024-12-27,APPL612,467,120
2024-06-23,GRAP755,250,215
2024-07-23,GRAP884,284,63
2024-06-16,ORAN830,607,233
2024-07-09,ORAN648,461,286
2024-10-31,PEAR657,242,15
2024-08-11,ORAN269,467,185
2024-07-24,PEAC261,247,245
2024-01-05,BERR275,321,115
2024-04-03,PEAC663,324,78
2024-11-30,BANA878,429,160
2024-04-06,PEAC067,453,254
2024-07-30,PEAC490,51,139
2024-10-14,APPL670,574,106
2024-01-04,MELO037,313,81
2024-06-03,PEAR738,131,270
2024-03-19,MANG567,493,261
2024-06-29,BANA222,607,258
2024-01-13,MANG136,490,0
2024-10-12,APPL001,240,18
2024-10-27,PEAC676,691,221
2024-12-15,APPL572,66,168
2024-11-24,PEAR400,66,161
2024-03-19,GRAP137,666,292
2024-12-14,BERR890,33,208
2024-10-24,APPL440,898,260
2024-11-25,PEAC913,223,11
2024-03-17,BERR555,854,231
2024-05-02,APPL996,837,140
2024-01-13,BERR864,609,170
2024-07-01,APPL310,534,299
2024-05-05,MANG339,510,90
2024-02-16,BERR560,42,158
2024-09-13,PEAR799,580,111
2024-08-22,GRAP451,561,286
2024-03-07,ORAN026,540,156
2024-03-31,MANG810,118,213
2024-08-18,BERR446,71,63
2024-06-05,GRAP140,799,32
2024-11-21,BANA207,628,150
2024-03-21,APPL046,627,128
2024-03-07,BANA945,462,103
2024-12-30,BERR252,651,36
2024-08-08,ORAN538,1,170
2024-01-02,ORAN547,277,163
2024-04-07,BANA717,915,254
2024-06-03,MELO734,911,206
2024-07-12,APPL659,459,46
2024-12-17,PEAC051,756,133
2024-12-25,MELO965,745,4
2024-10-25,BERR914,460,123
2024-12-10,BANA631,465,122
2024-12-08,BANA378,315,254
2024-04-23,BANA745,619,41
2024-01-30,BANA047,348,107
2024-01-27,PEAC202,772,215
2024-09-11,ORAN050,82,7
2024-06-04,ORAN148,134,186
2024-12-25,BANA702,811,41
2024-02-25,ORAN337,665,295
2024-06-25,MELO689,998,38
2024-02-09,BERR560,871,107
2024-12-16,MELO887,251,222
2024-03-14,GRAP038,289,5
2024-08-14,ORAN089,432,298
2024-09-14,APPL018,417,93
2024-04-26,BERR900,334,21
2024-07-09,BERR106,553,52
2024-04-19,PEAC348,502,168
2024-01-02,PEAC150,216,152
2024-10-04,APPL572,372,257
2024-12-13,MANG266,909,56
2024-07-08,BERR012,737,232
2024-10-10,PEAR784,956,135
2024-12-01,BANA080,773,145
2024-12-27,PEAR128,369,233
2024-01-07,BANA892,79,218
2024-03-27,PEAR016,708,170
2024-08-22,PEAC490,560,128
2024-04-02,MANG585,582,18
2024-03-09,MANG382,986,35
2024-06-28,BERR199,794,260
2024-06-08,GRAP192,657,55
2024-06-16,MELO167,598,76
2024-09-09,MELO611,606,77
2024-05-15,BANA471,291,232
2024-08-03,ORAN730,181,214
2024-10-31,BERR769,831,202
2024-04-13,APPL092,94,274
2024-11-15,PEAR181,833,14
2024-07-18,BERR840,260,120
2024-06-13,ORAN487,741,86
2024-01-08,MELO331,343,109
2024-01-10,BERR772,564,210
2024-10-08,MELO570,27,8
2024-10-17,MELO537,939,107
2024-04-20,GRAP742,63,270
2024-07-12,APPL486,738,145
2024-01-27,PEAC956,959,57
2024-09-11,PEAC586,952,20
2024-03-27,BANA127,537,269
2024-08-23,PEAC790,318,20
2024-12-02,PEAR390,739,179
2024-06-27,PEAR390,282,194
2024-08-26,BERR253,923,240
2024-05-05,MELO611,910,146
2024-09-29,MANG759,937,210
2024-07-14,GRAP176,905,62
2024-02-14,BERR650,15,27
2024-09-16,BANA702,213,272
2024-06-04,ORAN119,601,121
2024-12-20,APPL600,179,201
2024-02-04,PEAC924,681,150
2024-04-18,BANA125,111,211
2024-12-17,ORAN521,718,14
2024-04-02,GRAP494,287,169
2024-06-19,PEAR404,609,164
2024-03-16,BANA607,512,175
2024-04-03,MANG716,679,26
2024-07-01,BERR853,606,243
2024-05-25,ORAN101,735,79
2024-07-21,PEAR230,320,265
2024-03-07,MELO808,687,1
2024-03-22,MANG936,527,175
2024-01-26,MANG276,552,196
2024-07-23,PEAC676,578,279
2024-12-22,MANG783,311,243
2024-03-23,MELO752,466,166
2024-08-30,APPL227,959,111
2024-10-18,PEAR181,112,257
2024-01-03,PEAC370,235,136
2024-10-09,GRAP632,191,141
2024-01-19,APPL395,950,85
2024-03-20,BANA675,671,209
2024-07-05,BANA485,736,36
2024-08-08,MELO200,190,147
2024-11-07,PEAR400,487,298
2024-09-30,MELO464,809,89
2024-06-21,MANG791,390,237
2024-07-07,GRAP005,929,289
2024-10-14,PEAC664,836,273
2024-08-15,BERR347,569,178
2024-05-22,PEAC090,91,71
2024-11-05,PEAC361,104,141
2024-06-23,MANG873,137,200
2024-12-23,GRAP191,41,232
2024-05-22,MELO247,882,195
2024-11-10,BERR194,532,83
2024-10-05,APPL310,840,81
2024-08-22,ORAN255,656,47
2024-12-12,BANA366,196,273
2024-04-07,MANG839,495,192
2024-01-25,BERR758,899,15
2024-02-02,GRAP859,242,19
2024-04-02,APPL465,560,271
2024-09-27,PEAR406,8,41
2024-04-05,GRAP667,904,112
2024-03-18,PEAC273,939,162
2024-03-08,MELO066,696,87
2024-02-21,PEAC676,881,4
2024-04-26,PEAR285,657,124
2024-05-17,MANG697,974,212
2024-12-14,PEAR174,786,143
2024-05-27,GRAP848,269,129
2024-04-18,BANA988,34,259
2024-09-09,ORAN101,927,14
2024-10-27,APPL992,920,176
2024-11-23,MANG517,124,229
2024-01-20,MANG614,790,278
2024-11-03,APPL384,677,118
2024-06-05,PEAC937,165,255
2024-03-13,MELO014,960,97
2024-04-28,APPL992,855,109
2024-08-03,MANG138,355,287
2024-01-13,PEAC102,197,296
2024-01-22,GRAP962,825,161
2024-10-10,PEAC392,302,3
2024-12-24,GRAP639,442,237
2024-02-02,BANA988,947,60
2024-10-21,APPL118,902,9
2024-10-21,APPL046,458,125
2024-05-20,BANA902,498,123
2024-02-04,MELO815,988,94
2024-02-28,PEAR443,481,198
2024-08-28,GRAP719,881,58
2024-10-23,MANG426,297,133
2024-01-29,BERR194,695,116
2024-05-25,GRAP820,589,297
2024-10-25,BANA327,453,138
2024-08-17,BANA126,425,149
2024-02-10,BANA988,895,139
2024-01-27,ORAN528,247,190
2024-11-11,PEAC015,384,227
2024-04-17,PEAC372,266,130
2024-01-12,MANG986,73,186
2024-01-29,MANG505,384,10
2024-02-03,ORAN711,853,51
2024-06-22,ORAN691,779,270
2024-01-01,PEAR694,51,206
2024-06-30,PEAC288,642,115
2024-01-06,APPL484,809,172
2024-01-04,MANG926,907,190
2024-12-31,MELO589,837,31
2024-02-04,APPL427,924,50
2024-11-16,APPL894,534,94
2024-10-17,ORAN910,615,80
2024-08-15,PEAC450,196,265
2024-12-22,MANG077,489,298
2024-06-25,APPL996,929,133
2024-08-04,ORAN547,594,247
2024-06-16,BERR559,488,167
2024-09-12,GRAP960,560,16
2024-07-03,PEAR798,657,268
2024-07-07,PEAC450,124,273
2024-12-16,PEAR746,155,203
2024-09-15,MANG112,232,271
2024-07-23,APPL533,267,290
2024-08-25,MANG634,666,160
2024-02-22,BERR758,828,108
2024-09-07,ORAN111,908,264
2024-05-12,PEAC214,296,85
2024-02-29,PEAR872,577,30
2024-01-21,PEAC343,77,267
2024-10-16,PEAC248,124,172
2024-07-14,BANA739,676,121
2024-10-18,ORAN411,55,0
2024-01-03,PEAC360,955,1
2024-07-14,BANA939,555,16
2024-08-09,MANG975,173,125
2024-01-15,MELO815,210,57
2024-03-01,APPL048,326,174
2024-10-30,MELO313,963,45
2024-07-18,PEAC182,22,124
2024-07-27,MANG345,322,145
2024-04-16,PEAC636,218,192
2024-03-04,ORAN817,831,294
2024-11-08,ORAN827,689,299
2024-10-07,BERR305,852,241
2024-02-03,PEAR491,330,124
2024-10-15,BANA378,825,112
2024-01-14,MELO247,94,13
2024-03-31,GRAP332,630,278
2024-03-15,BANA516,181,255
2024-03-22,APPL384,909,269
2024-05-07,BERR363,158,44
2024-07-05,APPL807,981,293
2024-10-15,BERR340,831,70
2024-09-23,APPL260,215,172
2024-07-17,PEAR197,91,215
2024-06-30,PEAC009,191,212
2024-04-05,APPL063,767,107
2024-11-17,BANA035,251,227
2024-03-29,APPL063,930,298
2024-09-26,BANA364,383,22
2024-10-05,APPL596,135,259
2024-05-16,PEAR011,490,164
2024-05-03,MELO815,950,181
2024-01-15,GRAP514,691,244
2024-01-02,BANA366,773,144
2024-04-15,BANA165,20,94
2024-12-31,BANA312,271,81
2024-04-04,PEAR428,614,237
2024-02-14,BANA410,577,88
2024-06-22,BERR462,571,119
2024-06-11,ORAN396,847,271
2024-05-04,BERR062,394,146
2024-12-30,PEAR725,817,190
2024-08-25,GRAP859,654,58
2024-11-25,MELO541,309,284
2024-11-27,ORAN867,881,151
2024-08-25,GRAP575,340,276
2024-12-10,MELO320,888,134
2024-06-25,APPL219,322,12
2024-09-07,PEAR834,478,179
2024-09-14,APPL816,212,80
2024-06-15,MANG546,509,259
2024-10-23,PEAC741,510,169
2024-04-07,ORAN023,49,114
2024-08-26,BERR853,396,205
2024-02-28,ORAN105,842,94
2024-06-17,APPL260,98,84
2024-02-07,GRAP605,10,193
2024-08-05,APPL816,563,102
2024-03-02,BANA047,375,277
2024-01-04,PEAC067,14,105
2024-02-28,ORAN889,978,55
2024-11-12,ORAN865,814,232
2024-07-31,PEAC214,208,225
2024-10-06,PEAC328,51,286
2024-03-31,BERR877,282,20
2024-01-18,ORAN763,18,239
2024-10-21,ORAN818,349,254
2024-09-23,MANG824,296,25
2024-10-18,BERR942,848,138
2024-08-16,BERR371,718,110
2024-08-20,ORAN943,869,250
2024-01-19,APPL712,85,256
2024-12-16,GRAP188,784,0
2024-02-11,BANA080,593,288
2024-09-14,APPL219,670,285
2024-03-31,PEAC980,331,9
2024-11-01,BERR106,788,121
2024-02-13,ORAN337,409,66
2024-09-25,PEAC361,445,224
2024-05-25,BERR371,12,12
2024-12-18,PEAR946,729,17
2024-01-24,BANA075,705,283
2024-05-02,PEAR780,106,87
2024-03-22,MANG766,128,278
2024-12-31,ORAN487,890,199
2024-07-17,MELO149,211,152
2024-02-13,PEAR799,86,259
2024-03-03,APPL712,187,50
2024-10-11,ORAN948,432,287
2024-05-23,BERR354,58,267
2024-09-17,BERR477,239,273
2024-09-28,MANG649,818,268
2024-08-15,PEAC351,716,79
2024-04-23,APPL733,11,4
2024-12-07,BANA892,640,210
2024-09-12,MANG677,162,237
2024-06-13,PEAR855,211,290
2024-12-11,PEAR162,72,42
2024-08-17,BERR342,781,187
2024-07-17,ORAN944,245,127
2024-06-27,GRAP447,911,29
2024-12-20,BANA631,389,2
2024-11-10,GRAP094,595,82
2024-07-28,BANA435,183,231
2024-04-18,MANG975,160,298
2024-02-19,ORAN157,846,223
2024-10-16,APPL894,284,63
2024-02-25,MANG658,797,252
2024-09-02,GRAP655,647,261
2024-02-22,MANG927,28,219
2024-03-17,MELO921,187,125
2024-07-19,BERR457,720,114
2024-03-05,ORAN609,603,203
2024-05-29,MANG697,330,65
2024-08-23,PEAC626,241,271
2024-04-05,PEAR736,572,100
2024-02-02,ORAN793,555,85
2024-01-26,PEAR399,780,249
2024-06-05,APPL227,700,64
2024-05-23,ORAN409,90,286
2024-11-17,ORAN838,269,192
2024-09-01,MELO109,86,14
2024-02-10,PEAR578,360,284
2024-06-22,APPL055,444,286
2024-04-06,ORAN521,890,103
2024-01-04,PEAC999,30,124
2024-01-25,BANA435,645,195
2024-10-21,APPL231,206,13
2024-03-09,MELO689,122,190
2024-05-04,BERR416,891,150
2024-09-28,PEAC915,719,34
2024-01-12,BANA972,29,58
2024-01-12,GRAP415,553,273
2024-09-27,BERR010,607,149
2024-11-27,MANG882,576,146
2024-11-12,BERR252,150,265
2024-06-11,PEAC214,22,71
2024-04-24,APPL231,860,168
2024-06-04,ORAN302,633,61
2024-10-08,APPL397,6,52
2024-06-26,BANA739,590,105
2024-07-13,PEAR635,160,96
2024-05-17,ORAN905,280,85
2024-05-23,PEAC286,806,116
2024-06-17,MANG759,676,256
2024-06-07,PEAR604,658,37
2024-08-16,PEAR842,29,115
2024-12-24,PEAC479,783,79
2024-12-25,PEAC967,162,190
2024-10-14,ORAN763,964,237
2024-04-02,GRAP042,422,250
2024-11-09,BANA631,297,272
2024-03-29,MANG753,282,92
2024-06-09,GRAP825,864,270
2024-06-26,BANA506,839,55
2024-11-30,BANA222,672,156
2024-11-15,MELO318,847,97
2024-08-17,ORAN513,37,19
2024-06-27,GRAP929,909,136
2024-07-17,BERR416,748,96
2024-03-04,ORAN027,758,81
2024-02-21,GRAP514,719,34
2024-09-07,PEAR550,502,45
2024-12-19,BERR088,283,67
2024-06-04,ORAN545,123,30
2024-05-16,BANA745,860,36
2024-03-21,MELO934,240,247
2024-05-06,ORAN806,139,177
2024-01-16,MANG339,460,119
2024-09-05,MELO961,803,120
2024-11-30,PEAR523,510,87
2024-09-18,MELO213,11,6
2024-01-13,GRAP684,563,126
2024-01-31,MANG256,907,233
2024-05-24,ORAN763,465,97
2024-11-05,ORAN749,209,188
2024-06-07,MELO393,913,229
2024-01-07,PEAR799,924,4
2024-09-19,APPL757,236,204
2024-12-02,MELO004,967,297
2024-11-03,PEAC897,579,87
2024-11-27,ORAN554,53,85
2024-06-07,ORAN883,138,38
2024-08-02,PEAC980,603,282
2024-08-04,BANA845,531,194
2024-03-21,APPL076,901,252
2024-04-24,BANA750,916,78
2024-01-25,ORAN941,610,190
2024-08-30,BANA095,760,192
2024-01-28,PEAC402,41,235
2024-10-13,BANA902,72,218
2024-12-06,APPL043,21,131
2024-02-26,APPL395,442,201
2024-10-31,PEAR703,431,18
2024-02-23,PEAR725,677,85
2024-08-11,PEAC090,729,35
2024-11-14,ORAN469,885,23
2024-07-21,MELO579,382,24
2024-07-20,BANA257,198,75
2024-04-29,MANG280,815,263
2024-01-24,PEAR582,3,5
2024-01-28,PEAC328,23,15
2024-08-09,GRAP398,962,224
2024-08-11,BANA403,594,166
2024-12-26,PEAC281,725,80
2024-05-29,BANA283,529,108
2024-05-30,PEAR561,828,103
2024-09-12,APPL992,272,56
2024-02-29,MELO238,768,114
2024-11-19,BANA035,106,160
2024-01-29,MANG401,301,156
2024-08-17,APPL289,242,14
2024-10-21,BANA198,174,272
2024-01-01,MELO579,435,87
2024-09-05,GRAP966,533,164
2024-07-13,ORAN691,388,10
2024-12-28,APPL874,734,263
2024-01-24,PEAR285,937,215
2024-01-04,APPL219,802,77
2024-12-23,BERR041,365,150
2024-10-15,MANG517,276,118
2024-04-13,ORAN178,413,156
2024-06-28,PEAR784,32,258
2024-09-17,ORAN148,12,294
2024-08-23,PEAR174,134,64
2024-07-22,MELO928,532,212
2024-11-04,PEAR587,645,215
2024-03-30,PEAR642,132,164
2024-08-03,BANA896,966,33
2024-04-16,APPL715,162,61
2024-01-29,APPL170,430,214
2024-09-29,MANG325,760,207
2024-09-05,ORAN493,733,114
2024-02-23,ORAN788,9,166
2024-08-15,MELO167,405,197
2024-04-08,BERR840,477,169
2024-07-14,GRAP610,714,109
2024-10-21,PEAC542,55,196
2024-12-12,ORAN396,589,217
2024-06-16,GRAP563,663,55
2024-07-13,GRAP884,515,4
2024-01-02,BANA403,148,46
2024-02-08,ORAN444,36,282
2024-04-20,MANG546,822,65
2024-12-19,PEAC202,361,232
2024-08-20,PEAR400,496,171
2024-05-18,ORAN638,892,171
2024-01-30,APPL644,254,45
2024-03-29,PEAR390,392,240
2024-04-03,MANG036,929,53
2024-03-23,MANG906,272,256
2024-07-07,GRAP031,723,68
2024-04-20,APPL291,61,135
2024-06-29,APPL355,291,82
2024-02-20,APPL458,584,56
2024-04-19,APPL189,282,48
2024-08-28,BANA378,922,195
2024-09-21,MANG616,42,128
2024-03-12,MELO109,702,53
2024-06-25,MANG296,870,243
2024-11-26,ORAN394,925,130
2024-07-18,BANA826,895,115
2024-07-12,GRAP639,206,12
2024-05-02,MANG099,108,188
2024-10-21,BERR232,207,286
2024-11-29,APPL206,349,72
2024-05-10,BERR079,649,281
2024-04-20,GRAP042,416,213
2024-01-19,BANA034,413,94
2024-02-25,PEAR746,972,205
2024-05-06,BERR706,659,165
2024-07-22,BANA512,897,145
2024-10-07,PEAR615,535,240
2024-11-19,BANA198,438,149
2024-12-31,ORAN711,233,12
2024-05-20,APPL061,921,120
2024-12-31,BANA035,687,277
2024-01-03,APPL767,880,179
2024-01-03,ORAN023,99,231
2024-03-19,MANG280,176,106
2024-08-10,BANA516,704,285
2024-02-02,PEAC295,783,139
2024-11-15,PEAC286,602,98
2024-01-04,PEAR597,980,263
2024-02-06,BANA850,888,201
2024-07-21,MANG685,547,248
2024-03-09,GRAP599,871,29
2024-01-13,APPL055,432,93
2024-07-23,GRAP637,453,142
2024-09-28,BERR006,814,198
2024-04-02,GRAP785,654,6
2024-09-21,PEAC764,139,230
2024-05-28,PEAC983,534,143
2024-06-11,MELO961,656,62
2024-09-02,PEAR805,558,233
2024-09-02,BANA274,270,178
2024-05-12,BERR062,365,182
2024-09-09,MELO320,522,142
2024-12-03,PEAR243,491,75
2024-02-06,APPL260,525,62
2024-04-03,PEAC490,33,110
2024-08-09,PEAC281,281,174
2024-07-17,PEAC989,88,38
2024-06-27,BANA957,965,252
2024-08-31,PEAC308,855,232
2024-05-20,ORAN556,202,262
2024-09-14,GRAP188,216,168
2024-01-30,APPL224,844,30
2024-02-20,PEAC999,560,10
2024-08-26,BANA272,663,246
2024-08-13,GRAP979,599,221
2024-12-19,ORAN830,188,127
2024-05-02,BANA290,281,63
2024-08-20,MELO143,298,155
2024-07-19,PEAC090,146,201
2024-08-16,MANG091,469,88
2024-09-17,BANA506,82,26
2024-10-18,PEAR367,322,249
2024-09-26,PEAC370,843,273
2024-10-02,PEAC676,264,263
2024-03-06,MELO321,571,241
2024-11-16,MELO240,709,291
2024-09-14,ORAN643,263,86
2024-04-25,ORAN984,958,134
2024-08-22,BERR914,489,245
2024-10-06,MANG085,333,278
2024-04-17,GRAP720,774,0
2024-12-26,MELO201,771,281
2024-02-27,MELO781,16,285
2024-12-07,ORAN718,287,298
2024-12-29,MELO965,897,281
2024-08-28,BANA972,881,34
2024-10-23,APPL797,52,76
2024-08-30,APPL646,598,90
2024-07-27,BERR342,962,299
2024-02-27,MANG349,788,138
2024-07-07,MELO970,727,3
2024-06-02,BERR496,409,128
2024-08-11,MELO821,722,43
2024-05-13,MANG634,955,190
2024-01-27,BANA303,80,99
2024-10-02,BERR010,228,117
2024-04-27,MANG927,360,156
2024-07-30,APPL048,409,30
2024-06-10,BANA573,421,71
2024-10-28,ORAN050,700,69
2024-06-22,ORAN987,360,10
2024-02-20,PEAC999,852,260
2024-09-13,MANG099,512,54
2024-04-10,BANA145,126,123
2024-03-16,PEAC544,384,214
