po_date,grn_date,sku,supplier,qty_kg,unit_cost
2023-12-20,2024-01-05,APPL001,SupplierCo,120,10.50
2024-06-14,2024-06-26,BANA403,LocalFarm,476,5.39
2023-12-22,2023-12-28,APPL515,SupplierCo,186,7.50
2024-02-05,2024-02-06,MANG873,AgriGlobal,221,11.92
2024-06-24,2024-07-04,BANA258,FreshSources,463,14.92
2024-05-18,2024-05-26,MANG824,AgriGlobal,381,5.19
2024-02-14,2024-02-27,MANG280,LocalFarm,278,18.15
2024-11-07,2024-11-21,BANA126,LocalFarm,480,17.02
2024-06-26,2024-07-07,BANA424,FreshSources,140,17.08
2024-05-07,2024-05-08,MELO236,LocalFarm,185,5.26
2024-02-26,2024-03-01,BANA435,FreshSources,592,19.56
2023-12-09,2023-12-10,MANG619,AgriGlobal,186,6.98
2024-12-28,2025-01-07,GRAP995,SupplierCo,468,5.57
2023-12-12,2023-12-17,APPL224,SupplierCo,600,11.48
2024-11-06,2024-11-12,ORAN718,AgriGlobal,590,3.13
2024-03-27,2024-04-06,PEAR553,LocalFarm,123,10.03
2024-09-09,2024-09-19,MANG731,LocalFarm,498,12.15
2024-03-31,2024-04-13,PEAR799,SupplierCo,160,11.80
2024-09-30,2024-10-11,PEAR852,LocalFarm,89,3.01
2024-08-02,2024-08-06,APPL025,FreshSources,380,2.08
2024-08-10,2024-08-20,ORAN844,AgriGlobal,142,12.28
2024-10-12,2024-10-19,BANA132,SupplierCo,341,5.43
2024-12-18,2024-12-30,GRAP186,AgriGlobal,493,11.89
2024-11-10,2024-11-11,MANG685,LocalFarm,196,9.16
2024-06-19,2024-06-21,MELO393,FreshSources,357,3.08
2024-02-11,2024-02-18,PEAR592,FreshSources,226,7.79
2024-08-17,2024-08-18,BERR375,SupplierCo,460,18.93
2024-03-31,2024-04-02,MANG382,SupplierCo,216,10.81
2024-11-29,2024-12-08,GRAP795,AgriGlobal,150,18.14
2024-07-28,2024-08-08,BERR021,FreshSources,214,17.35
2024-07-12,2024-07-16,BANA717,AgriGlobal,561,4.39
2024-08-15,2024-08-16,BANA826,FreshSources,527,4.96
2024-08-05,2024-08-07,PEAR135,SupplierCo,444,12.33
2024-03-24,2024-04-07,MELO419,AgriGlobal,555,7.39
2024-08-27,2024-08-29,MELO073,LocalFarm,498,9.64
2024-03-07,2024-03-10,PEAC360,AgriGlobal,126,18.30
2024-11-17,2024-11-29,PEAC233,FreshSources,372,3.53
2024-11-07,2024-11-11,MANG517,AgriGlobal,466,2.97
2023-12-04,2023-12-17,BANA896,LocalFarm,125,15.92
2024-09-30,2024-10-02,PEAR390,SupplierCo,589,12.00
2024-12-05,2024-12-15,MANG069,LocalFarm,167,5.45
2024-12-03,2024-12-13,ORAN595,AgriGlobal,89,17.93
2024-09-26,2024-10-08,PEAR400,AgriGlobal,54,10.84
2024-06-09,2024-06-17,BANA729,SupplierCo,106,19.07
2024-04-30,2024-05-05,ORAN255,FreshSources,230,13.84
2024-09-12,2024-09-14,PEAR703,FreshSources,244,13.53
2024-07-17,2024-07-31,MANG426,FreshSources,169,18.12
2024-02-26,2024-02-28,BANA826,FreshSources,238,8.98
2024-07-13,2024-07-26,PEAC490,AgriGlobal,251,6.19
2024-02-07,2024-02-20,PEAR784,AgriGlobal,107,9.64
2024-08-26,2024-09-04,MELO858,LocalFarm,326,11.89
2024-06-21,2024-07-03,PEAC261,SupplierCo,394,8.80
2024-12-16,2024-12-26,BERR853,LocalFarm,149,17.16
2024-01-04,2024-01-07,BANA344,LocalFarm,425,3.24
2024-11-23,2024-11-28,GRAP742,AgriGlobal,458,5.24
2024-09-25,2024-10-09,MANG059,FreshSources,584,7.51
2024-07-31,2024-08-04,MANG857,SupplierCo,494,13.39
2024-11-25,2024-12-07,PEAC214,AgriGlobal,346,12.50
2024-01-06,2024-01-18,GRAP655,AgriGlobal,513,15.46
2024-01-12,2024-01-18,MELO060,AgriGlobal,219,5.17
2024-05-20,2024-05-21,BANA080,AgriGlobal,201,13.71
2024-12-01,2024-12-07,GRAP904,SupplierCo,487,2.46
2024-09-18,2024-09-28,ORAN359,SupplierCo,400,4.63
2024-12-29,2025-01-10,APPL828,LocalFarm,508,4.38
2024-06-11,2024-06-19,APPL572,LocalFarm,366,17.46
2024-03-18,2024-03-25,MANG324,LocalFarm,74,10.77
2024-02-14,2024-02-24,ORAN302,FreshSources,371,5.84
2024-02-04,2024-02-16,APPL603,LocalFarm,473,2.71
2024-11-11,2024-11-17,MANG753,LocalFarm,325,7.95
2024-01-24,2024-01-25,PEAC790,AgriGlobal,80,8.69
2024-07-03,2024-07-14,PEAR593,SupplierCo,287,8.98
2024-09-26,2024-09-28,GRAP667,SupplierCo,328,17.94
2024-06-20,2024-07-04,PEAC300,AgriGlobal,433,9.30
2024-06-10,2024-06-20,GRAP952,LocalFarm,176,16.55
2024-05-19,2024-05-24,PEAC343,LocalFarm,146,13.14
2024-04-01,2024-04-05,ORAN101,SupplierCo,508,14.61
2024-11-10,2024-11-20,BERR190,SupplierCo,414,16.35
2024-12-13,2024-12-18,PEAC242,AgriGlobal,215,3.50
2024-08-02,2024-08-12,GRAP084,AgriGlobal,383,2.53
2024-01-28,2024-01-30,MANG426,LocalFarm,541,18.43
2024-09-21,2024-09-27,BANA283,AgriGlobal,86,6.36
2024-03-10,2024-03-21,PEAC678,LocalFarm,51,15.37
2024-11-04,2024-11-05,APPL782,SupplierCo,566,2.50
2024-01-08,2024-01-11,GRAP661,SupplierCo,420,10.29
2024-12-31,2025-01-14,MELO414,LocalFarm,213,18.79
2024-03-05,2024-03-19,BANA378,LocalFarm,526,4.94
2023-12-15,2023-12-23,ORAN394,LocalFarm,130,19.04
2024-09-24,2024-10-08,MANG085,LocalFarm,165,12.29
2024-02-19,2024-03-02,PEAR582,LocalFarm,85,4.25
2024-06-09,2024-06-15,BANA126,SupplierCo,430,9.47
2023-12-31,2024-01-04,PEAR128,LocalFarm,231,10.24
2024-07-01,2024-07-10,GRAP140,FreshSources,66,15.14
2024-11-21,2024-12-03,ORAN701,FreshSources,462,3.97
2024-11-28,2024-12-02,APPL612,SupplierCo,75,4.07
2023-12-21,2024-01-03,BERR671,AgriGlobal,384,18.97
2024-01-28,2024-02-03,BANA132,SupplierCo,375,6.03
2024-11-16,2024-11-25,ORAN557,FreshSources,551,3.82
2024-11-03,2024-11-14,APPL603,FreshSources,385,16.84
2024-08-16,2024-08-19,ORAN948,AgriGlobal,549,13.55
2024-02-08,2024-02-09,BERR706,AgriGlobal,225,14.48
2024-05-22,2024-05-26,BANA274,AgriGlobal,473,7.18
2024-10-15,2024-10-16,BANA747,FreshSources,537,16.51
2024-11-13,2024-11-18,MELO200,AgriGlobal,66,17.23
2024-12-03,2024-12-17,BANA770,AgriGlobal,536,2.15
2024-12-07,2024-12-20,BERR253,LocalFarm,295,9.00
2024-01-19,2024-01-22,MANG882,AgriGlobal,311,17.24
2024-02-25,2024-03-05,BERR877,LocalFarm,187,12.40
2024-06-29,2024-07-06,GRAP425,SupplierCo,287,16.90
2024-12-07,2024-12-09,GRAP925,LocalFarm,488,7.75
2024-06-30,2024-07-13,GRAP422,LocalFarm,405,9.25
2024-04-06,2024-04-07,APPL120,SupplierCo,338,7.77
2024-05-09,2024-05-14,PEAC335,FreshSources,551,3.39
2023-12-18,2023-12-28,APPL724,SupplierCo,157,9.09
2024-04-30,2024-05-04,MELO320,LocalFarm,152,15.12
2024-04-20,2024-04-22,PEAR799,SupplierCo,65,6.08
2024-01-06,2024-01-20,BERR732,FreshSources,572,12.62
2024-03-25,2024-03-29,PEAR244,SupplierCo,343,16.06
2024-03-23,2024-03-31,MANG069,FreshSources,73,10.85
2024-12-22,2024-12-28,APPL894,AgriGlobal,485,19.11
2024-12-31,2025-01-08,GRAP140,FreshSources,57,19.31
2024-07-10,2024-07-14,MELO781,SupplierCo,125,19.85
2024-10-05,2024-10-10,MELO928,FreshSources,528,14.21
2024-06-12,2024-06-16,ORAN105,AgriGlobal,467,2.96
2024-05-20,2024-05-25,BANA698,SupplierCo,219,17.01
2024-04-02,2024-04-13,ORAN714,SupplierCo,142,7.28
2024-03-27,2024-03-30,GRAP447,AgriGlobal,477,17.30
2024-10-25,2024-10-27,BANA485,LocalFarm,127,13.92
2024-12-14,2024-12-24,ORAN050,LocalFarm,160,19.43
2024-11-21,2024-11-28,MANG792,LocalFarm,318,5.93
2024-05-08,2024-05-11,BERR088,SupplierCo,151,10.20
2024-04-27,2024-05-09,MANG168,FreshSources,179,8.96
2024-11-22,2024-11-24,GRAP398,LocalFarm,203,5.49
2024-06-09,2024-06-19,GRAP640,LocalFarm,157,2.29
2023-12-14,2023-12-28,MELO418,AgriGlobal,324,6.57
2024-12-30,2025-01-11,ORAN524,SupplierCo,140,5.73
2024-05-26,2024-05-27,PEAC822,LocalFarm,304,11.03
2024-12-21,2024-12-23,MELO621,AgriGlobal,117,11.21
2023-12-19,2023-12-26,PEAR029,SupplierCo,573,9.10
2024-05-26,2024-06-09,PEAC980,LocalFarm,269,13.83
2024-02-28,2024-02-29,ORAN071,AgriGlobal,242,11.86
2024-09-22,2024-09-30,MELO236,SupplierCo,239,9.09
2024-04-17,2024-05-01,BERR275,LocalFarm,474,19.40
2024-06-08,2024-06-18,MANG097,AgriGlobal,150,4.62
2024-03-22,2024-03-30,ORAN910,FreshSources,247,5.69
2024-10-15,2024-10-19,PEAC202,FreshSources,323,9.79
2024-04-09,2024-04-19,PEAR491,LocalFarm,191,13.92
2024-04-05,2024-04-06,PEAR660,LocalFarm,389,3.36
2024-06-25,2024-06-28,PEAC480,FreshSources,82,2.61
2024-03-24,2024-04-07,GRAP640,SupplierCo,289,14.61
2024-10-25,2024-10-29,APPL484,LocalFarm,271,11.18
2024-10-23,2024-11-04,PEAR836,SupplierCo,411,11.46
2023-12-19,2024-01-01,BANA510,SupplierCo,302,16.20
2024-03-12,2024-03-21,PEAC480,SupplierCo,180,7.37
2024-09-25,2024-10-07,PEAC721,AgriGlobal,112,19.14
2023-12-21,2023-12-26,MANG141,LocalFarm,118,11.19
2024-08-25,2024-09-02,PEAC588,LocalFarm,345,3.31
2024-06-01,2024-06-13,APPL219,LocalFarm,70,3.76
2024-08-21,2024-08-31,BANA195,LocalFarm,390,18.13
2024-05-23,2024-05-28,BANA408,SupplierCo,545,15.89
2024-07-09,2024-07-18,BANA745,FreshSources,311,15.39
2024-02-04,2024-02-07,BANA665,LocalFarm,424,19.44
2024-11-16,2024-11-22,GRAP785,AgriGlobal,515,18.32
2024-12-19,2024-12-20,MANG454,FreshSources,385,8.33
2024-06-01,2024-06-02,MELO651,AgriGlobal,186,5.92
2024-07-06,2024-07-09,BANA750,AgriGlobal,246,3.44
2024-04-11,2024-04-21,APPL355,SupplierCo,236,17.74
2024-09-16,2024-09-28,GRAP863,SupplierCo,203,16.15
2023-12-23,2023-12-31,BERR022,FreshSources,282,11.00
2024-11-28,2024-12-06,BANA902,AgriGlobal,400,18.52
2024-07-10,2024-07-19,BANA878,FreshSources,403,7.88
2024-01-04,2024-01-09,MELO318,AgriGlobal,185,2.06
2024-04-24,2024-05-05,BANA471,FreshSources,190,18.92
2024-02-02,2024-02-14,PEAC888,SupplierCo,570,14.79
2024-02-17,2024-02-24,ORAN417,AgriGlobal,451,2.75
2024-06-12,2024-06-14,BANA183,AgriGlobal,258,17.48
2024-06-24,2024-07-04,MELO994,AgriGlobal,181,14.85
2024-06-09,2024-06-19,PEAC847,LocalFarm,479,11.42
2024-04-12,2024-04-25,PEAR805,SupplierCo,396,13.81
2024-06-27,2024-06-28,PEAC295,FreshSources,515,14.41
2024-02-06,2024-02-08,PEAC768,LocalFarm,301,15.51
2024-02-05,2024-02-10,MELO579,LocalFarm,592,18.06
2024-12-13,2024-12-17,BANA274,FreshSources,366,5.75
2024-08-14,2024-08-20,ORAN666,AgriGlobal,290,2.82
2024-05-08,2024-05-18,BANA504,LocalFarm,600,7.33
2024-07-02,2024-07-08,BANA127,AgriGlobal,50,15.35
2024-01-18,2024-01-29,BERR837,LocalFarm,145,5.92
2024-09-30,2024-10-08,ORAN039,AgriGlobal,469,19.47
2024-01-17,2024-01-25,APPL715,LocalFarm,341,5.46
2024-06-21,2024-06-29,PEAC015,SupplierCo,310,8.58
2024-08-01,2024-08-07,PEAR620,FreshSources,346,15.57
2024-09-18,2024-09-22,MELO994,AgriGlobal,114,5.44
2023-12-05,2023-12-09,APPL486,AgriGlobal,472,17.44
2024-08-24,2024-09-05,MANG138,SupplierCo,556,15.70
2024-10-22,2024-10-31,ORAN711,AgriGlobal,309,14.38
2024-05-15,2024-05-20,MANG087,SupplierCo,471,17.30
2024-08-13,2024-08-27,APPL659,FreshSources,466,6.20
2024-02-08,2024-02-12,GRAP191,AgriGlobal,147,6.18
2023-12-20,2023-12-29,MANG103,AgriGlobal,469,7.10
2024-01-23,2024-01-25,BANA408,FreshSources,127,18.17
2024-11-04,2024-11-05,PEAC682,FreshSources,545,13.08
2024-07-07,2024-07-14,MELO294,LocalFarm,448,19.73
2024-01-12,2024-01-15,APPL291,LocalFarm,118,17.30
2024-07-13,2024-07-25,GRAP932,AgriGlobal,341,10.28
2024-09-08,2024-09-12,PEAR814,SupplierCo,308,5.07
2024-07-11,2024-07-13,PEAC912,SupplierCo,220,6.11
2024-08-11,2024-08-19,PEAR550,LocalFarm,429,8.30
2024-05-12,2024-05-23,PEAR285,AgriGlobal,277,15.32
2024-01-17,2024-01-31,BERR933,FreshSources,216,9.98
2024-10-15,2024-10-24,PEAR448,SupplierCo,514,14.96
2024-10-28,2024-10-31,APPL484,LocalFarm,200,3.24
2024-04-21,2024-04-29,PEAC051,SupplierCo,386,11.10
2024-08-18,2024-08-23,APPL786,SupplierCo,331,16.89
2024-09-14,2024-09-17,MELO876,AgriGlobal,308,14.07
2024-07-17,2024-07-25,MANG616,LocalFarm,558,7.39
2024-02-01,2024-02-04,ORAN178,FreshSources,169,2.89
2024-06-28,2024-06-29,PEAR203,SupplierCo,438,14.80
2024-08-13,2024-08-17,MANG296,FreshSources,597,11.28
2024-10-11,2024-10-23,BERR416,SupplierCo,194,18.31
2024-10-29,2024-10-31,ORAN943,AgriGlobal,492,12.47
2024-09-15,2024-09-16,ORAN101,LocalFarm,520,14.20
2024-05-29,2024-06-08,GRAP421,SupplierCo,108,2.79
2024-08-29,2024-08-30,ORAN844,FreshSources,202,8.49
2023-12-15,2023-12-27,PEAC881,SupplierCo,265,6.87
2024-02-15,2024-02-21,GRAP121,SupplierCo,80,17.57
2024-04-19,2024-05-01,PEAR842,LocalFarm,329,9.85
2024-05-09,2024-05-12,MANG383,FreshSources,155,19.29
2024-03-16,2024-03-25,PEAC652,AgriGlobal,240,4.25
2024-02-11,2024-02-14,MANG296,FreshSources,110,5.43
2024-11-28,2024-12-01,PEAR391,FreshSources,318,7.35
2023-12-18,2023-12-21,GRAP137,SupplierCo,252,14.29
2024-09-22,2024-10-06,ORAN469,SupplierCo,144,9.67
2024-06-07,2024-06-14,PEAC989,LocalFarm,297,4.19
2024-02-05,2024-02-08,PEAR561,AgriGlobal,491,10.21
2024-09-12,2024-09-24,GRAP848,AgriGlobal,112,17.15
2024-06-25,2024-07-05,PEAC343,LocalFarm,242,8.40
2024-07-30,2024-08-03,GRAP468,LocalFarm,427,12.80
2024-03-06,2024-03-09,PEAR406,AgriGlobal,275,6.28
2023-12-08,2023-12-09,APPL440,AgriGlobal,528,3.85
2023-12-24,2024-01-04,MANG296,FreshSources,265,5.40
2024-01-15,2024-01-26,PEAC281,SupplierCo,599,18.24
2023-12-31,2024-01-03,BANA319,SupplierCo,457,18.97
2024-07-09,2024-07-13,PEAC480,AgriGlobal,97,16.31
2024-10-12,2024-10-22,PEAR787,SupplierCo,241,6.60
2024-09-06,2024-09-12,MELO464,AgriGlobal,81,4.05
2024-01-18,2024-02-01,GRAP514,LocalFarm,433,11.00
2024-04-09,2024-04-14,ORAN851,SupplierCo,440,5.58
2024-08-10,2024-08-13,PEAC678,AgriGlobal,452,19.92
2024-08-26,2024-09-09,PEAC286,SupplierCo,187,8.94
2024-09-26,2024-09-27,MELO689,FreshSources,433,10.50
2024-01-23,2024-01-31,BERR559,FreshSources,222,14.37
2024-02-22,2024-03-06,APPL358,LocalFarm,395,2.44
2024-03-07,2024-03-20,MANG077,LocalFarm,232,12.49
2024-10-27,2024-11-08,BERR153,LocalFarm,555,2.54
2024-02-22,2024-02-26,MANG926,LocalFarm,587,3.30
2023-12-30,2024-01-08,BERR594,LocalFarm,75,5.05
2024-05-05,2024-05-10,BERR564,SupplierCo,542,4.12
2023-12-13,2023-12-17,BERR623,FreshSources,404,19.15
2024-12-24,2025-01-02,GRAP811,AgriGlobal,510,12.75
2024-05-12,2024-05-21,ORAN730,AgriGlobal,416,8.15
2024-10-04,2024-10-10,GRAP451,LocalFarm,259,17.78
2023-12-17,2023-12-23,BERR375,FreshSources,476,3.70
2024-02-05,2024-02-16,GRAP494,AgriGlobal,510,7.43
2024-09-04,2024-09-07,PEAC803,AgriGlobal,87,19.18
2024-11-30,2024-12-13,MANG345,LocalFarm,132,17.35
2024-02-08,2024-02-15,MANG791,FreshSources,565,3.62
2024-01-04,2024-01-13,BERR177,FreshSources,122,6.82
2024-08-14,2024-08-23,MANG085,SupplierCo,384,16.23
2024-09-24,2024-10-07,MANG168,FreshSources,207,2.28
2024-03-05,2024-03-10,GRAP192,SupplierCo,271,12.32
2024-10-01,2024-10-04,PEAC335,FreshSources,384,9.42
2024-12-21,2025-01-01,MANG731,AgriGlobal,374,11.31
2024-02-13,2024-02-20,PEAC686,SupplierCo,517,17.78
2024-02-29,2024-03-05,BANA789,AgriGlobal,211,15.37
2024-07-13,2024-07-18,MANG246,SupplierCo,94,10.08
2024-05-06,2024-05-10,GRAP519,FreshSources,142,12.70
2024-05-28,2024-06-01,ORAN910,AgriGlobal,236,6.73
2024-02-26,2024-03-11,ORAN951,SupplierCo,135,3.74
2024-09-20,2024-09-24,ORAN409,SupplierCo,304,11.87
2024-01-11,2024-01-21,MELO821,AgriGlobal,577,15.08
2024-10-01,2024-10-08,MANG608,SupplierCo,447,6.13
2024-01-05,2024-01-19,BERR758,AgriGlobal,129,2.53
2024-11-14,2024-11-27,ORAN817,SupplierCo,173,14.00
2024-11-10,2024-11-23,GRAP979,FreshSources,127,4.60
2024-03-24,2024-04-02,BERR041,FreshSources,549,15.75
2024-03-12,2024-03-20,PEAC251,FreshSources,198,17.69
2024-11-25,2024-11-29,MELO200,SupplierCo,226,19.90
2024-03-30,2024-04-02,PEAC479,AgriGlobal,168,14.05
2024-07-23,2024-07-29,MELO887,FreshSources,200,16.26
2024-04-07,2024-04-12,PEAC663,FreshSources,353,11.80
2024-02-14,2024-02-17,MELO019,LocalFarm,109,10.14
2024-11-01,2024-11-12,PEAR660,AgriGlobal,179,4.23
2024-07-11,2024-07-15,PEAR086,LocalFarm,324,5.46
2024-01-06,2024-01-14,PEAR587,SupplierCo,527,14.24
2024-06-20,2024-06-26,PEAR029,FreshSources,335,18.69
2024-12-08,2024-12-19,PEAR086,LocalFarm,293,4.78
2024-02-01,2024-02-03,APPL612,AgriGlobal,439,7.48
2024-10-21,2024-11-03,GRAP863,LocalFarm,556,9.83
2024-12-10,2024-12-20,MANG771,LocalFarm,227,14.76
2023-12-29,2023-12-31,APPL712,SupplierCo,374,15.03
2024-07-08,2024-07-10,PEAR852,LocalFarm,539,4.79
2024-02-29,2024-03-14,ORAN654,FreshSources,103,14.98
2024-08-13,2024-08-16,MANG081,FreshSources,469,14.39
2024-02-24,2024-03-01,PEAC281,AgriGlobal,413,9.79
2024-02-27,2024-03-11,BERR933,LocalFarm,592,16.86
2024-01-17,2024-01-29,PEAC251,AgriGlobal,230,5.65
2024-04-28,2024-04-29,MELO689,AgriGlobal,471,16.44
2024-05-15,2024-05-27,APPL612,FreshSources,530,19.10
2024-08-16,2024-08-17,BERR083,AgriGlobal,489,3.03
2023-12-19,2023-12-20,ORAN953,LocalFarm,538,14.55
2024-10-26,2024-11-07,ORAN411,AgriGlobal,275,9.36
2024-02-11,2024-02-18,PEAR780,SupplierCo,359,8.60
2024-06-09,2024-06-12,ORAN751,AgriGlobal,125,13.66
2024-10-05,2024-10-14,MELO236,SupplierCo,438,2.81
2024-11-29,2024-12-03,BERR823,FreshSources,198,8.77
2024-01-26,2024-02-03,GRAP719,FreshSources,294,5.38
2023-12-04,2023-12-11,MANG517,SupplierCo,106,12.95
2024-01-19,2024-01-27,PEAR746,LocalFarm,228,12.16
2023-12-11,2023-12-14,MELO265,AgriGlobal,534,15.80
2024-08-25,2024-09-06,MELO217,LocalFarm,410,13.01
2024-08-19,2024-09-01,PEAR074,SupplierCo,141,15.08
2024-07-06,2024-07-17,BANA381,SupplierCo,583,11.36
2024-01-04,2024-01-12,APPL397,AgriGlobal,531,16.64
2024-10-09,2024-10-14,PEAC664,SupplierCo,231,16.02
2024-12-16,2024-12-19,PEAR799,AgriGlobal,213,7.33
2024-09-16,2024-09-23,MANG802,FreshSources,483,4.92
2024-07-09,2024-07-11,PEAR635,LocalFarm,388,18.40
2024-09-14,2024-09-25,ORAN754,FreshSources,398,11.34
2024-02-12,2024-02-13,BERR837,SupplierCo,548,5.25
2024-11-20,2024-12-02,MANG325,AgriGlobal,251,10.97
2024-11-21,2024-12-01,BANA198,FreshSources,114,5.73
2024-02-03,2024-02-17,ORAN830,LocalFarm,52,6.68
2024-07-09,2024-07-19,BERR601,FreshSources,385,11.26
2023-12-11,2023-12-20,MANG792,AgriGlobal,317,6.96
2024-11-28,2024-12-05,MANG008,SupplierCo,583,15.72
2024-02-25,2024-02-29,MELO236,LocalFarm,208,7.69
2024-03-28,2024-04-04,PEAC796,FreshSources,489,7.75
2024-10-31,2024-11-05,PEAC300,SupplierCo,430,4.95
2024-06-19,2024-06-27,APPL227,SupplierCo,290,8.10
2024-02-15,2024-02-21,APPL179,FreshSources,420,16.58
2024-06-25,2024-07-06,PEAC251,SupplierCo,296,10.99
2024-07-07,2024-07-18,MANG059,SupplierCo,399,14.69
2024-12-19,2024-12-25,MANG693,SupplierCo,152,6.80
2024-12-19,2024-12-29,BERR726,LocalFarm,58,7.24
2024-03-16,2024-03-17,APPL384,LocalFarm,450,19.45
2024-01-21,2024-01-23,APPL434,FreshSources,145,16.81
2024-09-13,2024-09-26,PEAC392,AgriGlobal,272,2.34
2024-01-08,2024-01-18,MANG141,FreshSources,339,6.85
2023-12-19,2023-12-21,PEAR390,LocalFarm,300,3.24
2024-12-30,2025-01-07,BERR022,AgriGlobal,81,15.39
2024-03-19,2024-04-02,MANG065,AgriGlobal,156,12.29
2024-01-21,2024-01-29,ORAN444,LocalFarm,384,5.74
2024-05-17,2024-05-18,PEAC441,SupplierCo,55,9.63
2023-12-28,2023-12-29,MELO236,FreshSources,343,13.34
2023-12-09,2023-12-14,ORAN114,FreshSources,278,9.66
2024-05-04,2024-05-13,ORAN377,AgriGlobal,557,17.07
2024-12-01,2024-12-02,BANA762,AgriGlobal,78,3.28
2024-09-23,2024-09-28,BANA445,LocalFarm,585,13.80
2024-06-27,2024-07-04,BANA957,AgriGlobal,357,13.16
2023-12-12,2023-12-17,GRAP820,AgriGlobal,425,15.91
2024-05-20,2024-05-28,BANA364,LocalFarm,507,11.88
2024-03-03,2024-03-16,BERR732,AgriGlobal,550,18.68
2024-04-30,2024-05-03,BANA196,LocalFarm,544,5.12
2023-12-09,2023-12-22,PEAC663,FreshSources,55,10.51
2024-08-29,2024-09-02,APPL461,LocalFarm,533,15.35
2024-02-06,2024-02-18,ORAN417,AgriGlobal,116,11.39
2024-04-09,2024-04-18,PEAC518,AgriGlobal,388,4.90
2024-04-06,2024-04-18,BERR088,SupplierCo,500,2.54
2024-10-17,2024-10-23,PEAC849,SupplierCo,94,7.71
2024-09-25,2024-09-28,BERR650,LocalFarm,143,9.54
2024-01-26,2024-02-02,PEAR390,LocalFarm,239,9.13
2024-05-15,2024-05-25,MELO430,LocalFarm,200,7.70
2024-08-15,2024-08-22,APPL206,FreshSources,146,17.96
2024-05-11,2024-05-12,PEAR502,LocalFarm,436,9.54
2024-08-18,2024-08-26,BERR446,AgriGlobal,180,10.12
2024-04-15,2024-04-18,BANA696,FreshSources,286,16.73
2024-01-08,2024-01-15,GRAP186,FreshSources,534,18.84
2024-05-05,2024-05-17,PEAC678,FreshSources,448,16.85
2024-02-22,2024-03-04,MANG810,SupplierCo,99,4.93
2024-01-05,2024-01-10,BERR354,SupplierCo,528,5.12
2024-07-13,2024-07-23,BANA210,LocalFarm,482,9.26
2024-02-04,2024-02-14,BANA530,FreshSources,438,3.89
2024-08-07,2024-08-14,PEAR399,LocalFarm,80,6.51
2024-12-02,2024-12-11,BERR900,SupplierCo,542,16.76
2024-08-30,2024-09-08,ORAN806,LocalFarm,309,9.88
2024-10-13,2024-10-18,ORAN714,LocalFarm,192,7.30
2024-06-15,2024-06-16,APPL291,AgriGlobal,579,2.64
2024-03-29,2024-03-30,PEAR736,SupplierCo,528,15.93
2024-09-29,2024-10-09,PEAR582,FreshSources,423,2.79
2024-03-22,2024-03-26,BANA696,AgriGlobal,490,7.76
2023-12-19,2023-12-23,PEAC628,FreshSources,581,7.57
2024-09-30,2024-10-06,GRAP191,AgriGlobal,462,7.67
2024-10-27,2024-11-01,APPL715,SupplierCo,378,16.09
2024-08-29,2024-09-04,GRAP031,LocalFarm,596,7.26
2024-07-27,2024-07-29,BERR890,SupplierCo,510,16.00
2023-12-09,2023-12-12,GRAP421,SupplierCo,230,16.65
2023-12-02,2023-12-06,PEAR406,SupplierCo,472,18.88
2024-05-26,2024-06-08,MELO752,LocalFarm,592,14.42
2024-02-11,2024-02-25,ORAN489,FreshSources,112,16.27
2024-10-17,2024-10-24,GRAP599,LocalFarm,331,5.27
2024-12-04,2024-12-12,PEAR033,SupplierCo,524,10.88
2024-10-18,2024-10-19,APPL533,FreshSources,409,15.49
2024-05-19,2024-05-25,GRAP795,LocalFarm,525,8.61
2024-06-30,2024-07-03,APPL057,LocalFarm,466,7.74
2024-10-21,2024-10-30,BANA463,SupplierCo,194,16.93
2024-02-17,2024-03-01,BERR416,FreshSources,168,16.57
2023-12-07,2023-12-13,ORAN026,AgriGlobal,156,11.01
2024-12-19,2024-12-28,PEAC361,LocalFarm,96,18.20
2024-04-18,2024-04-24,GRAP610,SupplierCo,493,17.86
2024-02-20,2024-02-26,MANG882,LocalFarm,405,9.53
2024-01-29,2024-02-07,PEAR669,AgriGlobal,124,18.01
2024-11-15,2024-11-26,GRAP932,LocalFarm,224,16.28
2024-02-16,2024-02-23,MANG235,AgriGlobal,344,5.16
2024-10-05,2024-10-14,ORAN701,LocalFarm,82,16.06
2024-01-26,2024-02-09,ORAN813,SupplierCo,285,4.87
2024-02-11,2024-02-15,GRAP901,LocalFarm,555,18.25
2024-04-24,2024-05-02,MANG296,SupplierCo,513,2.37
2024-08-05,2024-08-10,MANG683,SupplierCo,344,9.81
2024-11-10,2024-11-16,PEAC989,LocalFarm,296,13.37
2024-04-25,2024-05-02,APPL355,LocalFarm,394,3.07
2024-10-26,2024-10-29,BANA329,AgriGlobal,305,15.39
2024-11-12,2024-11-19,ORAN647,AgriGlobal,412,18.81
2024-04-13,2024-04-21,PEAC539,AgriGlobal,540,13.13
2024-07-02,2024-07-04,ORAN883,AgriGlobal,66,19.89
2024-03-27,2024-03-31,MANG634,SupplierCo,199,17.19
2024-08-05,2024-08-14,PEAC351,AgriGlobal,471,12.92
2024-06-08,2024-06-16,BANA471,AgriGlobal,360,19.18
2023-12-18,2023-12-25,ORAN026,FreshSources,90,11.01
2024-09-06,2024-09-17,BANA972,LocalFarm,573,14.07
2024-06-19,2024-07-03,ORAN157,AgriGlobal,454,14.15
2024-02-17,2024-02-20,BERR194,FreshSources,203,12.80
2024-06-22,2024-07-02,GRAP979,SupplierCo,598,11.45
2024-04-19,2024-04-27,MELO419,FreshSources,344,6.29
2024-10-27,2024-11-07,MANG753,AgriGlobal,93,8.72
2024-12-12,2024-12-17,MELO858,SupplierCo,116,2.22
2023-12-18,2023-12-29,MELO060,FreshSources,266,19.13
2024-06-23,2024-06-25,GRAP277,LocalFarm,199,17.91
2024-12-27,2024-12-28,MANG810,LocalFarm,567,5.83
2023-12-01,2023-12-04,PEAC351,AgriGlobal,393,14.35
2024-11-16,2024-11-28,MANG658,AgriGlobal,516,15.22
2024-11-17,2024-12-01,MELO522,FreshSources,63,18.67
2024-03-31,2024-04-07,GRAP176,SupplierCo,182,9.12
2024-12-29,2025-01-08,BERR416,SupplierCo,308,10.33
2024-06-28,2024-07-05,ORAN455,LocalFarm,108,8.97
2024-07-02,2024-07-14,BERR021,SupplierCo,552,5.97
2024-01-07,2024-01-19,APPL072,SupplierCo,414,3.26
2024-01-10,2024-01-19,APPL189,FreshSources,369,4.60
2024-03-15,2024-03-26,PEAC233,AgriGlobal,381,12.90
2024-11-29,2024-12-01,BANA957,LocalFarm,309,15.83
2024-01-27,2024-01-29,PEAR128,AgriGlobal,451,6.45
2024-08-21,2024-08-24,PEAC286,LocalFarm,534,9.71
2024-09-17,2024-09-28,MANG958,SupplierCo,500,8.87
2024-02-13,2024-02-19,MELO570,SupplierCo,337,17.33
2024-03-23,2024-03-24,BANA258,AgriGlobal,236,13.16
2024-02-27,2024-03-02,PEAR367,SupplierCo,338,18.17
2024-11-20,2024-12-02,GRAP859,SupplierCo,516,19.90
2023-12-08,2023-12-10,ORAN779,FreshSources,62,5.97
2024-09-26,2024-09-27,BANA366,AgriGlobal,225,2.10
2024-01-30,2024-02-13,MELO566,AgriGlobal,182,13.40
2024-11-14,2024-11-18,MANG906,SupplierCo,92,15.93
2024-05-01,2024-05-09,BANA485,LocalFarm,108,15.78
2024-09-04,2024-09-10,BANA748,FreshSources,469,19.17
2024-01-12,2024-01-16,GRAP531,FreshSources,272,10.87
2024-09-02,2024-09-16,BANA116,LocalFarm,152,17.85
2024-02-12,2024-02-13,PEAR597,AgriGlobal,206,5.58
2024-11-26,2024-12-01,APPL227,AgriGlobal,535,12.50
2024-04-23,2024-04-26,BERR837,SupplierCo,123,9.02
2024-08-27,2024-09-09,APPL894,SupplierCo,552,6.20
2023-12-21,2024-01-01,PEAR406,LocalFarm,145,12.39
2024-08-15,2024-08-21,PEAC956,FreshSources,523,8.73
2024-12-21,2024-12-22,MANG791,AgriGlobal,71,5.78
2024-11-06,2024-11-10,ORAN944,FreshSources,527,8.08
2024-02-16,2024-02-29,GRAP605,FreshSources,205,12.98
2024-06-11,2024-06-24,BANA939,AgriGlobal,409,19.29
2024-10-21,2024-11-02,MANG873,SupplierCo,429,15.91
2023-12-06,2023-12-07,BERR387,FreshSources,573,8.90
2024-04-02,2024-04-06,PEAR708,SupplierCo,352,5.67
2024-10-09,2024-10-22,BERR012,AgriGlobal,534,10.36
2024-06-20,2024-06-25,BERR420,SupplierCo,497,9.69
2024-08-28,2024-08-29,ORAN271,SupplierCo,320,18.43
2024-10-08,2024-10-22,APPL434,AgriGlobal,517,8.29
2024-09-12,2024-09-19,PEAC577,SupplierCo,304,3.21
2024-05-08,2024-05-16,APPL170,AgriGlobal,220,19.14
2024-11-10,2024-11-16,MANG857,FreshSources,369,15.87
2024-03-26,2024-04-05,ORAN411,SupplierCo,205,6.22
2024-12-03,2024-12-04,APPL072,LocalFarm,133,3.44
2024-11-24,2024-12-07,ORAN269,FreshSources,97,19.78
2024-06-30,2024-07-03,PEAR086,LocalFarm,361,6.65
2024-11-08,2024-11-19,APPL670,SupplierCo,256,3.52
2024-12-04,2024-12-11,APPL100,FreshSources,324,4.65
2024-06-27,2024-07-01,MELO215,FreshSources,158,13.42
2024-10-08,2024-10-18,BANA216,LocalFarm,122,19.95
2024-09-23,2024-09-30,PEAC849,SupplierCo,141,8.58
2024-06-18,2024-06-19,MELO891,SupplierCo,216,19.20
2024-12-18,2024-12-30,PEAC024,LocalFarm,437,17.93
2024-12-21,2024-12-30,BANA327,SupplierCo,203,15.84
2024-10-08,2024-10-19,PEAR400,AgriGlobal,532,12.44
2024-06-10,2024-06-12,BERR940,FreshSources,358,8.52
2024-02-02,2024-02-15,MELO019,AgriGlobal,321,12.26
2024-02-02,2024-02-12,PEAR780,LocalFarm,295,3.80
2024-10-20,2024-10-28,GRAP870,SupplierCo,553,6.22
2024-09-05,2024-09-09,PEAC293,AgriGlobal,400,16.43
2024-06-22,2024-06-24,APPL206,LocalFarm,223,11.41
2024-09-25,2024-09-27,MELO419,SupplierCo,515,2.50
2024-03-04,2024-03-13,APPL120,AgriGlobal,562,13.79
2024-07-15,2024-07-20,BERR841,LocalFarm,72,6.05
2024-12-20,2024-12-26,MELO298,LocalFarm,306,16.92
2024-08-22,2024-08-26,GRAP447,AgriGlobal,495,17.91
2024-12-08,2024-12-21,MANG716,AgriGlobal,441,13.74
2024-03-08,2024-03-20,ORAN105,LocalFarm,287,18.96
2024-02-16,2024-02-17,PEAC790,LocalFarm,281,6.33
2024-09-12,2024-09-16,MANG426,LocalFarm,116,18.23
2024-06-25,2024-07-03,APPL170,FreshSources,490,19.91
2024-10-08,2024-10-11,PEAR181,AgriGlobal,134,3.94
2024-09-09,2024-09-13,MELO060,AgriGlobal,349,2.83
2024-12-16,2024-12-28,MANG697,FreshSources,69,7.26
2024-12-27,2025-01-08,ORAN751,LocalFarm,368,15.19
2024-09-14,2024-09-19,BERR007,LocalFarm,345,6.16
2024-02-23,2024-03-05,GRAP473,LocalFarm,89,8.88
2024-01-26,2024-01-31,BERR340,SupplierCo,85,10.45
2024-03-04,2024-03-06,GRAP211,FreshSources,520,16.48
2024-11-26,2024-12-08,BANA132,LocalFarm,367,11.22
2023-12-28,2023-12-31,ORAN282,LocalFarm,557,16.96
2024-07-04,2024-07-13,PEAC307,FreshSources,77,12.55
2024-06-04,2024-06-14,MELO522,FreshSources,574,12.00
2024-08-24,2024-08-31,ORAN180,AgriGlobal,501,15.11
2024-12-07,2024-12-13,GRAP640,AgriGlobal,420,15.38
2024-09-24,2024-09-30,BANA645,SupplierCo,380,4.73
2024-10-04,2024-10-05,MANG771,SupplierCo,452,17.23
2024-07-13,2024-07-23,MELO240,LocalFarm,563,18.01
2024-04-28,2024-05-05,BERR249,SupplierCo,381,13.89
2024-09-14,2024-09-22,MANG927,LocalFarm,360,3.73
2024-08-31,2024-09-07,BERR726,SupplierCo,377,14.78
2024-06-22,2024-06-24,BERR671,SupplierCo,585,9.04
2024-10-07,2024-10-21,MANG454,SupplierCo,389,16.95
2024-04-17,2024-04-27,MANG081,FreshSources,547,2.49
2024-03-29,2024-04-04,MELO452,SupplierCo,597,2.96
2024-04-13,2024-04-26,MANG388,FreshSources,472,9.29
2024-05-05,2024-05-06,BERR226,LocalFarm,210,10.34
2024-11-06,2024-11-10,BANA410,SupplierCo,395,3.69
2024-12-07,2024-12-17,MANG059,SupplierCo,510,6.13
2024-05-20,2024-06-02,ORAN172,AgriGlobal,194,10.79
2024-12-26,2024-12-27,ORAN117,LocalFarm,291,10.40
2024-10-15,2024-10-26,ORAN691,SupplierCo,503,2.83
2024-07-17,2024-07-27,MANG069,FreshSources,385,15.87
2024-12-24,2024-12-27,GRAP176,FreshSources,403,9.82
2024-01-18,2024-01-25,BANA309,SupplierCo,481,16.54
2024-04-01,2024-04-15,BANA832,AgriGlobal,146,2.49
2024-07-24,2024-08-03,GRAP193,SupplierCo,385,18.25
2024-04-14,2024-04-17,BANA152,FreshSources,342,14.30
2024-04-21,2024-04-22,ORAN987,AgriGlobal,339,16.68
2024-01-09,2024-01-19,MELO781,LocalFarm,135,8.77
2024-06-06,2024-06-16,BANA739,FreshSources,334,14.65
2024-09-19,2024-09-24,MELO965,LocalFarm,58,4.84
2024-11-05,2024-11-14,PEAR243,LocalFarm,485,5.02
2024-02-16,2024-02-26,BERR726,AgriGlobal,171,12.34
2024-09-02,2024-09-14,APPL833,SupplierCo,361,5.09
2024-11-25,2024-11-26,MANG744,AgriGlobal,462,18.85
2024-12-14,2024-12-19,PEAR784,SupplierCo,501,8.45
2024-05-24,2024-05-31,APPL208,AgriGlobal,251,19.47
2024-11-22,2024-12-05,BERR006,FreshSources,431,8.20
2024-10-01,2024-10-05,BERR354,LocalFarm,202,14.57
2024-01-15,2024-01-22,BERR497,LocalFarm,242,9.17
2024-06-27,2024-07-09,BERR613,FreshSources,332,2.72
2024-09-17,2024-10-01,BANA424,LocalFarm,163,12.26
2024-09-18,2024-09-22,PEAC182,SupplierCo,454,8.61
2024-02-23,2024-03-02,PEAR553,FreshSources,410,3.31
2023-12-20,2023-12-30,BERR846,SupplierCo,349,14.92
2024-07-08,2024-07-13,APPL606,AgriGlobal,418,11.76
2024-01-16,2024-01-25,PEAR814,LocalFarm,583,17.47
2024-01-17,2024-01-24,ORAN714,FreshSources,513,11.43
2024-11-02,2024-11-08,GRAP687,LocalFarm,77,11.12
2024-08-14,2024-08-26,PEAC705,LocalFarm,506,11.43
2024-03-10,2024-03-11,GRAP719,AgriGlobal,290,3.00
2024-08-23,2024-08-30,GRAP473,SupplierCo,391,9.45
2024-06-28,2024-07-06,MANG299,FreshSources,530,17.08
2023-12-04,2023-12-14,GRAP825,FreshSources,330,9.28
2024-10-24,2024-10-31,PEAC067,LocalFarm,370,16.19
2024-09-11,2024-09-12,MANG401,SupplierCo,513,16.20
2024-11-05,2024-11-08,PEAR550,FreshSources,593,13.19
2024-08-25,2024-08-29,MANG501,LocalFarm,350,11.15
2024-04-03,2024-04-05,PEAR197,FreshSources,568,15.06
2024-12-11,2024-12-17,GRAP221,AgriGlobal,565,10.24
2024-05-08,2024-05-19,ORAN691,AgriGlobal,179,3.63
2024-09-13,2024-09-18,PEAC295,LocalFarm,459,3.99
2024-10-04,2024-10-16,APPL434,SupplierCo,425,12.16
2024-10-26,2024-11-08,MELO821,SupplierCo,460,12.98
2024-04-12,2024-04-13,BERR740,SupplierCo,331,15.19
2024-01-05,2024-01-09,APPL461,FreshSources,185,15.96
2024-06-09,2024-06-17,MELO268,FreshSources,405,15.90
2024-08-06,2024-08-09,ORAN953,SupplierCo,345,15.90
2024-10-01,2024-10-06,MANG388,SupplierCo,595,18.20
2024-08-21,2024-08-28,PEAC402,AgriGlobal,69,5.50
2024-06-17,2024-06-24,BERR804,LocalFarm,378,6.92
2024-05-14,2024-05-27,PEAC308,SupplierCo,373,5.29
2023-12-03,2023-12-15,MANG916,SupplierCo,311,19.12
2024-01-30,2024-02-12,PEAR390,FreshSources,230,15.95
2024-09-29,2024-10-12,BERR500,FreshSources,167,13.38
2024-04-16,2024-04-30,PEAC885,FreshSources,190,15.07
2024-09-04,2024-09-07,ORAN237,FreshSources,110,14.33
2024-06-12,2024-06-13,MANG270,AgriGlobal,507,10.66
2024-11-17,2024-11-25,BERR488,SupplierCo,159,7.54
2024-04-07,2024-04-08,PEAC682,SupplierCo,169,11.62
2023-12-25,2024-01-04,MANG759,LocalFarm,116,10.36
2024-08-25,2024-09-07,BANA710,LocalFarm,401,10.51
2024-09-20,2024-09-26,MANG017,FreshSources,477,9.11
2024-12-07,2024-12-20,PEAR491,AgriGlobal,258,19.12
2024-09-04,2024-09-14,PEAC261,AgriGlobal,244,10.68
2024-11-19,2024-11-29,BERR775,SupplierCo,550,9.47
2024-11-15,2024-11-27,PEAR738,FreshSources,467,10.44
2024-04-10,2024-04-20,MELO419,LocalFarm,265,4.13
2024-09-20,2024-10-01,BERR232,FreshSources,521,12.98
2024-09-23,2024-09-28,MELO019,AgriGlobal,360,9.35
2024-05-08,2024-05-09,APPL239,FreshSources,316,9.20
2024-12-02,2024-12-15,ORAN071,LocalFarm,416,2.01
2024-05-15,2024-05-16,GRAP535,AgriGlobal,133,3.02
2024-06-14,2024-06-22,GRAP812,LocalFarm,439,16.84
2024-10-23,2024-10-26,APPL120,LocalFarm,64,13.06
2024-05-21,2024-05-25,APPL572,AgriGlobal,322,8.47
2024-09-17,2024-09-25,MELO525,AgriGlobal,234,2.88
2024-03-24,2024-03-30,BANA216,LocalFarm,540,7.79
2023-12-22,2024-01-05,PEAC351,AgriGlobal,552,8.35
2024-07-15,2024-07-25,MANG658,SupplierCo,381,11.58
2024-01-17,2024-01-26,GRAP140,LocalFarm,308,12.34
2024-04-18,2024-04-20,MANG077,AgriGlobal,234,5.57
2024-03-01,2024-03-05,BANA845,FreshSources,312,16.93
2024-08-24,2024-08-26,GRAP755,SupplierCo,315,10.41
2024-08-25,2024-09-05,APPL909,LocalFarm,381,5.11
2024-10-21,2024-10-25,BERR253,FreshSources,473,2.40
2024-04-07,2024-04-09,APPL018,SupplierCo,335,8.79
2023-12-18,2023-12-21,GRAP229,AgriGlobal,250,3.11
2024-08-13,2024-08-21,GRAP423,SupplierCo,69,13.78
2024-11-30,2024-12-10,BANA366,FreshSources,305,4.81
2024-01-09,2024-01-11,MELO651,SupplierCo,508,18.80
2024-06-09,2024-06-20,PEAC163,FreshSources,483,15.28
2024-03-13,2024-03-17,MELO887,AgriGlobal,542,19.58
2024-11-01,2024-11-10,BANA512,LocalFarm,67,10.94
2024-09-12,2024-09-17,MANG429,SupplierCo,251,13.02
2024-06-16,2024-06-21,PEAC020,SupplierCo,102,3.86
2024-02-14,2024-02-25,PEAC024,FreshSources,353,5.16
2024-08-17,2024-08-29,ORAN148,SupplierCo,517,14.42
2024-06-05,2024-06-19,PEAR784,AgriGlobal,362,10.33
2024-06-15,2024-06-25,PEAC335,FreshSources,539,3.33
2024-09-15,2024-09-29,PEAR078,FreshSources,517,2.74
2024-04-12,2024-04-24,ORAN101,AgriGlobal,452,18.98
2024-08-22,2024-08-29,MANG299,SupplierCo,433,3.89
2024-10-17,2024-10-19,ORAN691,SupplierCo,276,13.58
2024-07-02,2024-07-12,GRAP211,AgriGlobal,285,19.35
2024-06-01,2024-06-02,PEAC335,FreshSources,173,2.52
2024-10-22,2024-10-31,MELO947,AgriGlobal,269,7.88
2023-12-17,2023-12-21,GRAP535,LocalFarm,302,15.38
2024-01-27,2024-02-05,BERR477,AgriGlobal,334,15.25
2024-04-08,2024-04-22,PEAC577,LocalFarm,300,2.62
2024-12-21,2025-01-03,BERR340,LocalFarm,478,10.35
2024-09-08,2024-09-10,MANG246,AgriGlobal,393,13.38
2024-06-08,2024-06-20,APPL874,SupplierCo,481,16.18
2024-08-27,2024-09-05,PEAC307,FreshSources,190,17.23
2024-12-19,2024-12-27,BERR650,AgriGlobal,192,13.73
2024-01-12,2024-01-15,PEAR880,SupplierCo,383,3.67
2023-12-08,2023-12-16,MANG077,SupplierCo,108,8.33
2024-06-29,2024-07-11,ORAN554,LocalFarm,588,6.81
2024-03-27,2024-04-07,PEAR086,FreshSources,594,13.95
2024-05-21,2024-05-27,GRAP765,FreshSources,214,14.78
2024-12-16,2024-12-27,MELO934,LocalFarm,441,16.76
2024-01-30,2024-02-09,ORAN469,SupplierCo,382,19.18
2024-02-26,2024-03-09,BANA290,FreshSources,223,11.43
2024-10-12,2024-10-19,BERR151,LocalFarm,253,8.19
2023-12-24,2023-12-27,BANA978,SupplierCo,431,9.41
2024-11-06,2024-11-08,ORAN595,AgriGlobal,479,8.63
2024-01-20,2024-01-26,PEAR660,AgriGlobal,82,16.05
2024-04-30,2024-05-11,APPL515,SupplierCo,189,17.04
2024-06-29,2024-07-01,BERR740,FreshSources,574,3.63
2024-01-25,2024-02-05,GRAP720,FreshSources,252,5.26
2024-09-28,2024-10-05,PEAC308,LocalFarm,363,14.99
2024-01-01,2024-01-05,GRAP468,FreshSources,523,2.55
2024-08-13,2024-08-19,MANG585,FreshSources,475,16.94
2024-10-07,2024-10-16,APPL057,FreshSources,371,7.78
2024-12-25,2024-12-30,PEAR798,AgriGlobal,218,14.19
2024-12-12,2024-12-23,PEAC764,LocalFarm,210,6.10
2023-12-16,2023-12-24,ORAN172,SupplierCo,308,15.90
2024-09-16,2024-09-25,ORAN711,LocalFarm,468,3.33
2024-01-17,2024-01-19,PEAR872,AgriGlobal,252,13.76
2024-02-13,2024-02-24,PEAR285,FreshSources,561,18.59
2024-06-22,2024-06-26,ORAN827,FreshSources,351,9.17
2023-12-14,2023-12-28,MELO066,LocalFarm,526,8.56
2024-07-10,2024-07-24,PEAR033,FreshSources,144,19.08
2024-08-15,2024-08-19,MANG382,LocalFarm,528,6.01
2024-01-07,2024-01-11,MANG383,FreshSources,424,8.95
2024-08-21,2024-09-03,ORAN154,LocalFarm,577,3.76
2024-07-07,2024-07-12,PEAC628,FreshSources,413,9.95
2024-04-17,2024-04-28,ORAN987,SupplierCo,423,8.60
2024-05-31,2024-06-10,ORAN131,SupplierCo,124,6.63
2023-12-28,2024-01-04,ORAN538,LocalFarm,408,17.39
2024-02-27,2024-03-07,APPL170,FreshSources,326,15.96
2024-08-15,2024-08-23,BERR012,FreshSources,464,3.58
2024-03-22,2024-04-05,ORAN751,LocalFarm,447,19.14
2024-04-05,2024-04-08,ORAN867,AgriGlobal,415,4.77
2024-02-26,2024-03-04,BANA729,AgriGlobal,402,8.28
2024-06-20,2024-06-23,GRAP451,LocalFarm,448,4.29
2024-05-21,2024-06-01,GRAP191,SupplierCo,98,19.96
2024-07-17,2024-07-22,PEAC241,LocalFarm,176,2.18
2024-08-10,2024-08-14,APPL992,FreshSources,295,13.10
2024-11-04,2024-11-09,BERR726,SupplierCo,100,8.99
2024-12-04,2024-12-13,GRAP667,LocalFarm,588,13.54
2024-12-29,2025-01-12,BERR890,SupplierCo,470,6.24
2024-12-09,2024-12-15,PEAC629,FreshSources,377,6.49
2024-09-07,2024-09-21,MELO470,SupplierCo,135,18.69
2024-02-24,2024-03-04,BERR564,LocalFarm,377,11.40
2024-12-20,2024-12-28,BANA729,AgriGlobal,195,3.25
2024-12-02,2024-12-10,BERR155,AgriGlobal,189,12.86
2024-11-09,2024-11-14,MELO566,AgriGlobal,447,11.11
2024-12-25,2025-01-08,PEAR459,LocalFarm,510,16.70
2024-07-01,2024-07-11,PEAC847,FreshSources,160,9.33
2024-10-06,2024-10-19,BERR650,FreshSources,72,5.54
2024-02-11,2024-02-15,PEAR834,FreshSources,520,11.26
2024-12-28,2025-01-01,MANG608,LocalFarm,468,19.94
2024-05-14,2024-05-18,MELO928,SupplierCo,571,9.34
2024-03-08,2024-03-22,ORAN377,LocalFarm,308,12.37
2024-11-30,2024-12-01,BANA210,AgriGlobal,99,10.57
2024-05-26,2024-06-06,GRAP901,LocalFarm,204,9.78
2024-09-07,2024-09-10,ORAN187,SupplierCo,468,18.74
2024-07-26,2024-08-06,MANG235,AgriGlobal,367,15.66
2024-02-05,2024-02-09,BANA845,SupplierCo,162,9.18
2024-12-30,2025-01-06,BERR650,FreshSources,337,15.26
2024-05-01,2024-05-10,GRAP861,FreshSources,573,8.88
2023-12-09,2023-12-17,GRAP514,FreshSources,482,3.61
2024-11-10,2024-11-19,GRAP527,SupplierCo,194,9.86
2024-09-01,2024-09-12,MELO689,AgriGlobal,59,16.73
2024-05-10,2024-05-21,BERR758,FreshSources,373,15.62
2024-04-11,2024-04-25,APPL358,FreshSources,311,4.87
2024-02-13,2024-02-27,APPL866,LocalFarm,347,13.48
2024-06-28,2024-07-06,ORAN157,SupplierCo,102,14.72
2024-05-20,2024-05-22,BANA210,SupplierCo,79,4.81
2024-04-05,2024-04-14,PEAR615,SupplierCo,55,14.21
2024-02-19,2024-03-03,PEAR011,FreshSources,547,12.81
2024-02-10,2024-02-15,BERR305,SupplierCo,243,18.91
2024-10-14,2024-10-20,GRAP042,SupplierCo,395,12.85
2024-05-17,2024-05-22,GRAP263,FreshSources,540,17.81
2024-08-13,2024-08-25,BANA272,SupplierCo,508,15.37
2024-07-24,2024-07-30,MANG297,SupplierCo,190,7.43
2024-05-03,2024-05-17,ORAN368,SupplierCo,394,8.92
2024-02-24,2024-02-27,BERR581,SupplierCo,434,2.81
2024-07-02,2024-07-08,BANA216,AgriGlobal,492,19.90
2024-10-23,2024-11-06,MELO965,FreshSources,262,4.97
2024-05-10,2024-05-17,APPL950,LocalFarm,98,2.02
2024-07-29,2024-08-11,APPL254,AgriGlobal,396,13.78
2024-11-30,2024-12-13,MANG873,AgriGlobal,316,12.22
2024-06-10,2024-06-24,MELO320,LocalFarm,209,4.10
2023-12-09,2023-12-16,GRAP315,SupplierCo,565,3.73
2024-09-04,2024-09-14,PEAR245,AgriGlobal,216,7.93
2024-09-22,2024-10-02,BERR613,SupplierCo,50,9.84
2024-11-07,2024-11-10,PEAR467,FreshSources,90,17.11
2024-08-16,2024-08-19,PEAR746,AgriGlobal,549,8.65
2024-10-02,2024-10-13,ORAN187,SupplierCo,535,14.12
2024-12-10,2024-12-19,PEAR553,FreshSources,599,10.01
2024-08-26,2024-09-09,MELO734,AgriGlobal,433,15.75
2024-09-15,2024-09-24,ORAN394,FreshSources,172,16.97
2024-05-29,2024-06-06,BERR249,SupplierCo,467,10.00
2024-11-25,2024-12-07,GRAP632,LocalFarm,84,5.21
2024-02-24,2024-03-04,PEAC801,LocalFarm,471,4.96
2024-01-02,2024-01-07,PEAC233,LocalFarm,199,14.04
2024-03-03,2024-03-11,PEAR694,FreshSources,279,2.73
2024-10-30,2024-10-31,APPL279,AgriGlobal,90,11.96
2024-09-12,2024-09-16,APPL700,SupplierCo,506,11.32
2024-05-29,2024-06-03,BANA207,LocalFarm,292,5.05
2024-05-30,2024-06-12,APPL990,AgriGlobal,520,7.57
2024-02-14,2024-02-27,APPL061,SupplierCo,59,17.68
2024-07-04,2024-07-10,APPL465,AgriGlobal,106,17.28
2024-06-21,2024-06-24,GRAP193,FreshSources,511,2.61
2024-10-18,2024-10-27,APPL289,AgriGlobal,556,12.52
2024-07-16,2024-07-21,MELO073,LocalFarm,275,12.27
2024-06-13,2024-06-25,BERR340,FreshSources,327,13.98
2024-06-26,2024-07-04,BANA403,AgriGlobal,344,6.42
2024-12-13,2024-12-26,PEAC202,SupplierCo,87,4.96
2024-06-01,2024-06-08,GRAP565,LocalFarm,205,13.71
2024-03-06,2024-03-07,PEAC110,FreshSources,149,19.90
2024-01-31,2024-02-01,BANA424,FreshSources,318,12.73
2024-02-10,2024-02-23,BANA918,FreshSources,182,12.72
2024-05-31,2024-06-08,PEAR615,LocalFarm,508,19.80
2024-06-08,2024-06-11,BANA675,SupplierCo,341,6.22
2024-10-24,2024-11-07,GRAP483,LocalFarm,271,5.10
2024-01-20,2024-02-01,MELO921,SupplierCo,89,12.85
2024-01-22,2024-01-27,APPL935,SupplierCo,399,12.00
2024-06-26,2024-06-28,ORAN638,LocalFarm,220,17.76
2024-04-16,2024-04-20,PEAR672,SupplierCo,433,18.19
2024-09-16,2024-09-23,MANG036,LocalFarm,164,10.05
2024-10-16,2024-10-29,BERR809,AgriGlobal,222,9.58
2024-10-02,2024-10-07,APPL018,AgriGlobal,219,7.98
2024-04-18,2024-04-28,PEAR502,FreshSources,252,12.89
2024-08-12,2024-08-14,APPL076,LocalFarm,336,6.41
2024-05-26,2024-05-30,BERR096,FreshSources,383,10.66
2024-05-20,2024-05-29,BANA675,AgriGlobal,245,10.91
2024-03-19,2024-03-30,BERR113,FreshSources,268,8.82
2024-07-29,2024-08-03,BERR942,FreshSources,60,2.52
2024-04-03,2024-04-16,PEAC629,FreshSources,383,13.93
2024-10-23,2024-10-31,MELO298,LocalFarm,535,11.01
2024-04-01,2024-04-06,PEAR243,SupplierCo,434,3.48
2024-06-16,2024-06-22,BERR083,SupplierCo,58,19.32
2024-02-10,2024-02-23,ORAN867,FreshSources,439,7.20
2024-08-19,2024-08-27,ORAN111,FreshSources,143,17.12
2024-01-29,2024-02-04,MANG250,FreshSources,363,17.87
2024-11-11,2024-11-12,PEAR400,LocalFarm,223,15.62
2024-11-19,2024-11-22,PEAR428,AgriGlobal,319,3.52
2024-02-04,2024-02-07,GRAP861,SupplierCo,223,16.55
2024-07-03,2024-07-08,APPL596,SupplierCo,147,9.25
2024-04-26,2024-04-29,MANG036,AgriGlobal,571,2.27
2024-04-28,2024-05-08,BANA507,AgriGlobal,542,2.40
2024-09-05,2024-09-15,APPL596,LocalFarm,102,7.05
2024-02-26,2024-03-11,MANG975,LocalFarm,303,2.23
2023-12-25,2024-01-07,PEAR352,SupplierCo,505,18.70
2024-01-22,2024-02-05,BANA183,SupplierCo,475,4.49
2024-06-27,2024-07-04,APPL254,SupplierCo,220,8.54
2024-10-20,2024-10-21,BERR134,FreshSources,197,12.79
2024-09-05,2024-09-18,GRAP192,SupplierCo,307,18.77
2023-12-02,2023-12-09,PEAC110,FreshSources,598,8.12
2023-12-31,2024-01-09,ORAN023,SupplierCo,338,13.46
2024-05-15,2024-05-25,GRAP365,AgriGlobal,145,16.32
2024-09-21,2024-09-30,MANG927,AgriGlobal,300,6.55
2024-11-28,2024-12-06,ORAN941,AgriGlobal,61,12.13
2024-06-06,2024-06-12,BERR823,LocalFarm,299,2.87
2024-11-17,2024-11-29,PEAC678,LocalFarm,104,4.26
2024-12-12,2024-12-13,PEAR805,SupplierCo,364,18.53
2024-01-29,2024-02-02,BANA506,LocalFarm,101,2.85
2024-03-07,2024-03-13,MANG429,SupplierCo,549,8.77
2024-07-17,2024-07-20,ORAN574,AgriGlobal,595,3.89
2024-10-18,2024-10-19,BANA504,FreshSources,148,8.45
2023-12-30,2024-01-03,GRAP038,LocalFarm,231,3.26
2024-09-22,2024-10-03,PEAC721,FreshSources,462,10.22
2024-05-15,2024-05-24,PEAC586,FreshSources,259,13.47
2024-07-13,2024-07-21,APPL894,SupplierCo,589,5.67
2023-12-03,2023-12-17,APPL690,LocalFarm,77,6.30
2023-12-11,2023-12-24,BANA717,FreshSources,178,2.60
2024-04-27,2024-05-09,PEAC373,AgriGlobal,289,3.03
2024-07-24,2024-08-03,PEAR635,AgriGlobal,293,11.20
2024-05-10,2024-05-15,MANG369,SupplierCo,197,12.57
2024-07-12,2024-07-13,ORAN337,FreshSources,173,18.90
2024-02-04,2024-02-07,BERR618,AgriGlobal,147,11.90
2024-04-24,2024-04-27,GRAP580,SupplierCo,333,14.71
2024-05-25,2024-06-01,PEAR805,FreshSources,525,7.65
2024-12-13,2024-12-22,BERR940,FreshSources,564,4.55
2024-04-04,2024-04-06,ORAN554,AgriGlobal,190,10.51
2024-01-16,2024-01-19,BERR914,LocalFarm,75,4.74
2024-04-02,2024-04-05,MELO970,SupplierCo,432,17.17
2024-03-30,2024-04-08,GRAP447,SupplierCo,554,2.56
2024-11-05,2024-11-17,PEAR657,SupplierCo,161,6.02
2024-06-02,2024-06-06,MELO856,LocalFarm,104,17.49
2023-12-25,2024-01-07,ORAN574,FreshSources,300,6.63
2024-05-19,2024-05-24,GRAP228,AgriGlobal,500,2.11
2024-07-17,2024-07-31,PEAC913,AgriGlobal,390,8.76
2024-04-07,2024-04-08,APPL107,LocalFarm,68,15.76
2024-10-16,2024-10-24,APPL189,FreshSources,299,3.75
2024-04-09,2024-04-16,ORAN718,LocalFarm,64,4.02
2024-04-22,2024-05-01,APPL807,SupplierCo,364,5.96
2024-11-07,2024-11-20,PEAR175,SupplierCo,185,13.21
2024-02-20,2024-02-22,PEAC622,AgriGlobal,142,16.49
2024-08-23,2024-08-31,BANA826,FreshSources,465,19.49
2024-03-27,2024-04-10,GRAP583,LocalFarm,260,16.39
2024-10-12,2024-10-22,BERR804,SupplierCo,487,6.50
2024-10-26,2024-11-08,BANA410,FreshSources,436,17.80
2024-10-19,2024-10-25,ORAN119,AgriGlobal,302,3.40
2024-12-20,2024-12-27,GRAP140,LocalFarm,233,4.10
2023-12-28,2024-01-03,BANA075,LocalFarm,549,3.68
2024-09-10,2024-09-12,MANG716,AgriGlobal,277,3.79
2024-10-21,2024-10-28,GRAP684,FreshSources,360,6.75
2023-12-22,2023-12-29,GRAP333,AgriGlobal,164,7.90
2024-06-23,2024-06-27,GRAP084,SupplierCo,229,8.34
2024-05-10,2024-05-12,PEAC973,SupplierCo,477,15.16
2024-06-20,2024-07-01,GRAP655,SupplierCo,179,17.83
2024-12-21,2024-12-29,APPL223,LocalFarm,424,7.15
2024-06-12,2024-06-13,ORAN027,FreshSources,437,12.88
2024-04-19,2024-04-28,PEAC849,LocalFarm,310,16.04
2024-04-25,2024-04-27,BANA216,AgriGlobal,468,4.17
2024-02-24,2024-03-03,PEAC281,LocalFarm,117,7.70
2024-08-28,2024-09-10,MELO876,SupplierCo,301,12.10
2024-04-22,2024-05-04,BANA198,SupplierCo,142,10.59
2024-05-04,2024-05-17,BERR194,LocalFarm,162,8.76
2024-01-30,2024-02-08,BANA290,SupplierCo,230,7.66
2023-12-10,2023-12-18,APPL220,SupplierCo,388,9.36
2024-11-02,2024-11-14,BERR249,LocalFarm,291,19.77
2024-12-22,2025-01-04,MELO338,FreshSources,582,15.59
2024-10-18,2024-10-24,PEAR245,AgriGlobal,542,3.01
2024-11-30,2024-12-13,BERR837,SupplierCo,105,19.53
2024-12-29,2025-01-11,BERR340,LocalFarm,66,15.33
2024-08-15,2024-08-24,BANA303,SupplierCo,67,3.30
2024-10-05,2024-10-12,MELO921,AgriGlobal,67,19.98
2023-12-13,2023-12-14,PEAC875,AgriGlobal,275,2.77
2023-12-13,2023-12-24,PEAR642,LocalFarm,319,10.87
2024-04-11,2024-04-21,ORAN030,LocalFarm,546,15.44
2024-08-26,2024-09-03,GRAP508,FreshSources,465,9.37
2024-05-08,2024-05-16,BANA366,FreshSources,415,19.54
2024-11-01,2024-11-11,APPL358,SupplierCo,280,18.88
2024-09-21,2024-09-22,BERR353,AgriGlobal,205,8.49
2024-06-16,2024-06-28,PEAR642,SupplierCo,520,10.07
2024-10-19,2024-10-28,APPL724,LocalFarm,174,16.73
2023-12-13,2023-12-26,MELO752,AgriGlobal,595,8.66
2024-07-01,2024-07-02,PEAC051,AgriGlobal,358,16.56
2024-12-28,2025-01-05,GRAP862,FreshSources,394,5.68
2024-09-19,2024-09-29,PEAC045,AgriGlobal,63,18.56
2024-09-03,2024-09-06,BERR671,FreshSources,513,16.12
2024-02-18,2024-02-25,MANG634,FreshSources,484,14.73
2024-07-02,2024-07-03,PEAC790,FreshSources,567,15.52
2024-12-04,2024-12-18,BERR340,FreshSources,550,4.19
2024-08-31,2024-09-05,APPL644,AgriGlobal,545,10.84
2024-07-08,2024-07-19,MELO673,LocalFarm,405,4.25
2024-05-16,2024-05-22,BANA116,FreshSources,561,15.20
2024-02-13,2024-02-18,MELO611,FreshSources,361,9.18
2024-03-14,2024-03-21,PEAR852,FreshSources,386,15.02
2024-10-09,2024-10-10,MELO014,LocalFarm,79,14.62
2024-09-04,2024-09-11,ORAN788,SupplierCo,294,10.03
2023-12-15,2023-12-22,APPL169,AgriGlobal,498,8.65
2024-07-23,2024-08-03,MELO262,SupplierCo,483,13.15
2024-05-11,2024-05-19,BANA158,LocalFarm,466,15.75
2024-12-17,2024-12-19,BANA126,SupplierCo,264,4.17
2024-02-17,2024-02-19,MANG835,SupplierCo,89,6.35
2024-01-14,2024-01-17,ORAN905,AgriGlobal,138,5.43
2024-10-12,2024-10-25,MELO579,AgriGlobal,557,12.40
2024-03-05,2024-03-09,MANG017,FreshSources,389,14.54
2024-07-24,2024-07-30,BERR068,SupplierCo,536,10.22
2024-08-26,2024-08-30,MELO073,FreshSources,267,15.29
2024-01-28,2024-02-09,PEAR459,SupplierCo,571,2.45
2024-01-27,2024-01-31,BANA095,AgriGlobal,455,2.54
2024-11-13,2024-11-18,GRAP901,AgriGlobal,301,2.67
2024-03-27,2024-03-31,BERR900,LocalFarm,316,12.46
2024-10-14,2024-10-26,PEAC360,SupplierCo,597,6.02
2024-09-30,2024-10-10,ORAN625,LocalFarm,208,7.29
2024-06-01,2024-06-07,APPL760,AgriGlobal,512,17.38
2024-11-14,2024-11-26,BANA931,SupplierCo,395,8.76
2024-12-06,2024-12-09,APPL733,LocalFarm,436,13.59
2024-06-03,2024-06-11,APPL291,SupplierCo,142,11.84
2024-10-16,2024-10-22,PEAC764,SupplierCo,233,11.66
2024-12-22,2024-12-28,MANG429,FreshSources,408,4.43
2024-11-26,2024-11-27,APPL603,FreshSources,594,10.62
2024-12-02,2024-12-12,ORAN444,AgriGlobal,295,11.31
2024-02-17,2024-02-18,GRAP687,LocalFarm,535,10.57
2024-02-13,2024-02-22,ORAN943,SupplierCo,487,4.14
2024-01-09,2024-01-20,BANA207,AgriGlobal,185,12.28
2024-04-21,2024-04-29,MELO752,AgriGlobal,199,14.06
2024-05-18,2024-05-30,GRAP812,AgriGlobal,396,5.81
2024-01-16,2024-01-17,BANA407,LocalFarm,569,11.77
2024-09-18,2024-09-22,MELO947,AgriGlobal,126,10.58
2024-07-26,2024-08-09,MANG616,LocalFarm,303,16.08
2024-09-10,2024-09-16,BERR841,AgriGlobal,463,12.28
2023-12-22,2023-12-24,ORAN337,FreshSources,178,11.29
2023-12-30,2024-01-01,PEAC241,LocalFarm,284,19.72
2024-08-06,2024-08-15,MANG103,FreshSources,412,3.78
2024-07-18,2024-07-20,MELO093,LocalFarm,173,13.42
2024-11-07,2024-11-10,BERR899,SupplierCo,531,7.31
2024-07-19,2024-07-22,BERR893,FreshSources,571,6.69
2024-11-17,2024-11-27,BANA195,SupplierCo,125,2.75
2024-05-07,2024-05-12,BANA745,LocalFarm,542,19.92
2024-08-22,2024-09-01,BANA207,FreshSources,423,15.24
2024-07-06,2024-07-20,ORAN528,FreshSources,191,3.31
2024-10-22,2024-10-29,BANA312,FreshSources,261,7.26
2024-04-19,2024-04-25,PEAC110,LocalFarm,197,8.61
2024-01-27,2024-02-09,PEAR787,LocalFarm,261,18.61
2024-03-05,2024-03-08,ORAN409,FreshSources,313,19.21
2023-12-23,2024-01-06,PEAC370,AgriGlobal,74,6.68
2024-10-02,2024-10-15,GRAP904,FreshSources,225,14.93
2024-11-07,2024-11-20,BANA070,LocalFarm,112,5.38
2024-10-01,2024-10-15,BANA366,SupplierCo,452,10.71
2024-01-23,2024-02-04,GRAP820,LocalFarm,290,3.72
2024-03-19,2024-04-01,ORAN883,FreshSources,244,15.33
2023-12-05,2023-12-09,PEAC663,LocalFarm,235,2.23
2024-02-22,2024-02-23,BANA573,AgriGlobal,413,9.75
2024-07-05,2024-07-16,PEAC015,AgriGlobal,469,9.33
2024-05-14,2024-05-28,BANA344,LocalFarm,485,8.71
2024-11-20,2024-11-26,PEAR128,SupplierCo,569,12.07
2024-10-11,2024-10-23,ORAN556,FreshSources,480,13.43
2024-02-02,2024-02-07,BERR079,LocalFarm,309,6.96
2024-09-22,2024-09-25,BERR287,LocalFarm,60,12.25
2024-05-05,2024-05-16,PEAC562,AgriGlobal,146,3.87
2024-01-17,2024-01-21,MELO265,AgriGlobal,298,15.16
2024-11-02,2024-11-15,BERR209,LocalFarm,155,11.55
2024-07-28,2024-08-03,BERR134,LocalFarm,474,3.95
2024-11-08,2024-11-10,APPL063,AgriGlobal,297,18.05
2024-09-03,2024-09-08,GRAP415,SupplierCo,544,17.46
2024-12-10,2024-12-20,BANA034,FreshSources,292,8.67
2024-11-12,2024-11-15,MANG906,SupplierCo,529,10.51
2024-12-29,2025-01-07,APPL992,SupplierCo,332,16.84
2024-05-01,2024-05-10,PEAR142,LocalFarm,130,19.82
2024-05-17,2024-05-24,APPL208,AgriGlobal,300,6.77
2024-07-09,2024-07-22,BANA165,FreshSources,184,5.17
2024-04-07,2024-04-21,MANG693,LocalFarm,322,15.02
2024-05-05,2024-05-08,MELO109,FreshSources,398,10.43
2024-07-24,2024-08-01,GRAP820,FreshSources,596,17.91
2024-10-25,2024-10-30,BERR068,AgriGlobal,112,7.72
2024-10-15,2024-10-19,PEAC991,LocalFarm,78,5.30
2024-12-06,2024-12-17,PEAR336,SupplierCo,512,6.43
2024-04-27,2024-04-29,PEAC985,SupplierCo,349,3.85
2024-08-08,2024-08-11,PEAR499,FreshSources,510,6.45
2024-10-13,2024-10-16,MANG413,FreshSources,71,12.18
2024-11-04,2024-11-16,BANA918,AgriGlobal,303,10.27
2024-10-06,2024-10-17,BANA507,AgriGlobal,114,11.20
2024-01-22,2024-01-26,BERR477,LocalFarm,168,2.33
2023-12-01,2023-12-04,BANA506,LocalFarm,259,3.30
2024-12-21,2024-12-31,MANG602,LocalFarm,577,2.33
2024-05-31,2024-06-06,BERR907,SupplierCo,401,15.33
2024-12-25,2025-01-07,BERR823,AgriGlobal,304,15.46
2024-02-15,2024-02-29,MELO318,LocalFarm,212,7.33
2024-08-20,2024-08-21,ORAN027,SupplierCo,401,9.37
2024-10-14,2024-10-18,APPL955,AgriGlobal,397,5.96
